frame_index,video_time,video_time_seconds,timestamp,position_x,position_y,position_z,rotation_x,rotation_y,rotation_z,rotation_w,pkl_filename
0,00:00:00,0.0,1767628966.2060788,0.0,0.0,0.4399999976158142,0.0,0.0,0.005000114440917969,0.9999874830245972,frame_1767628966.2060788.pkl
1,00:00:00,0.7726726531982422,1767628966.9787514,0.0,0.0,0.4399999976158142,0.0,0.0,0.04498597979545593,0.99898761510849,frame_1767628966.9787514.pkl
2,00:00:01,1.6178696155548096,1767628967.8239484,0.0,0.0,0.4399999976158142,0.0,0.0,0.08490081876516342,0.9963894486427307,frame_1767628967.8239484.pkl
3,00:00:02,2.3682641983032227,1767628968.574343,0.0,0.0,0.4399999976158142,0.0,0.0,0.1246819794178009,0.9921967387199402,frame_1767628968.574343.pkl
4,00:00:03,3.1584854125976562,1767628969.3645642,0.0,0.0,0.4399999976158142,0.0,0.0,0.1642623245716095,0.9864166975021362,frame_1767628969.3645642.pkl
5,00:00:03,3.9417476654052734,1767628970.1478264,0.0,0.0,0.4399999976158142,0.0,0.0,0.20357990264892578,0.9790583252906799,frame_1767628970.1478264.pkl
6,00:00:04,4.791438341140747,1767628970.997517,0.0,0.0,0.4399999976158142,0.0,0.0,0.2386896014213562,0.9710959196090698,frame_1767628970.997517.pkl
7,00:00:05,5.727471590042114,1767628971.9335504,0.0,0.0,0.4399999976158142,0.0,0.0,0.29075825214385986,0.9567965269088745,frame_1767628971.9335504.pkl
8,00:00:06,6.529234170913696,1767628972.735313,0.0,0.0,0.4399999976158142,0.0,0.0,0.32878831028938293,0.9444036483764648,frame_1767628972.735313.pkl
9,00:00:07,7.317845821380615,1767628973.5239246,0.0,0.0,0.4399999976158142,0.0,0.0,0.3662911355495453,0.9305002689361572,frame_1767628973.5239246.pkl
10,00:00:08,8.322340965270996,1767628974.5284197,0.0,0.0,0.4399999976158142,0.0,0.0,0.41233888268470764,0.9110305309295654,frame_1767628974.5284197.pkl
11,00:00:09,9.102742910385132,1767628975.3088217,0.0,0.0,0.4399999976158142,0.0,0.0,0.4484425187110901,0.8938116431236267,frame_1767628975.3088217.pkl
12,00:00:09,9.836195945739746,1767628976.0422747,0.0,0.0,0.4399999976158142,0.0,0.0,0.47944605350494385,0.8775713443756104,frame_1767628976.0422747.pkl
13,00:00:10,10.836528778076172,1767628977.0426075,0.0,0.0,0.4399999976158142,0.0,0.0,0.5210018157958984,0.8535555601119995,frame_1767628977.0426075.pkl
14,00:00:11,11.567472219467163,1767628977.773551,0.0,0.0,0.4399999976158142,0.0,0.0,0.5563810467720032,0.8309272527694702,frame_1767628977.773551.pkl
15,00:00:12,12.248440742492676,1767628978.4545195,0.0,0.0,0.4399999976158142,0.0,0.0,0.5851171016693115,0.8109488487243652,frame_1767628978.4545195.pkl
16,00:00:13,13.055344104766846,1767628979.2614229,0.0,0.0,0.4399999976158142,0.0,0.0,0.6131387948989868,0.7899751663208008,frame_1767628979.2614229.pkl
17,00:00:13,13.81393837928772,1767628980.0200171,0.0,0.0,0.4399999976158142,0.0,0.0,0.6404101252555847,0.7680330872535706,frame_1767628980.0200171.pkl
18,00:00:14,14.580320358276367,1767628980.7863991,0.0,0.0,0.4399999976158142,0.0,0.0,0.6706162691116333,0.7418044209480286,frame_1767628980.7863991.pkl
19,00:00:15,15.46036982536316,1767628981.6664486,0.0,0.0,0.4399999976158142,0.0,0.0,0.7033210396766663,0.7108723521232605,frame_1767628981.6664486.pkl
20,00:00:16,16.17734956741333,1767628982.3834283,0.0,0.0,0.4399999976158142,0.0,0.0,0.7276223301887512,0.6859778761863708,frame_1767628982.3834283.pkl
21,00:00:16,16.90919327735901,1767628983.115272,0.0,0.0,0.4399999976158142,0.0,0.0,0.7511703372001648,0.6601084470748901,frame_1767628983.115272.pkl
22,00:00:17,17.73673415184021,1767628983.942813,0.0,0.0,0.4399999976158142,0.0,0.0,0.7769652605056763,0.6295435428619385,frame_1767628983.942813.pkl
23,00:00:18,18.413777351379395,1767628984.619856,0.0,0.0,0.4399999976158142,0.0,0.0,0.7985170483589172,0.6019719839096069,frame_1767628984.619856.pkl
24,00:00:19,19.14549160003662,1767628985.3515704,0.0,0.0,0.4399999976158142,0.0,0.0,0.817367434501648,0.5761170387268066,frame_1767628985.3515704.pkl
25,00:00:20,20.017375946044922,1767628986.2234547,0.0,0.0,0.4399999976158142,0.0,0.0,0.8440665006637573,0.5362383127212524,frame_1767628986.2234547.pkl
26,00:00:20,20.857999086380005,1767628987.0640779,0.0,0.0,0.4399999976158142,0.0,0.0,0.8648337125778198,0.5020584464073181,frame_1767628987.0640779.pkl
27,00:00:21,21.620218753814697,1767628987.8262975,0.0,0.0,0.4399999976158142,0.0,0.0,0.8818721771240234,0.4714885354042053,frame_1767628987.8262975.pkl
28,00:00:22,22.36026382446289,1767628988.5663426,0.0,0.0,0.4399999976158142,0.0,0.0,0.8978300094604492,0.4403421878814697,frame_1767628988.5663426.pkl
29,00:00:23,23.1067111492157,1767628989.31279,0.0,0.0,0.4399999976158142,0.0,0.0,0.9147201776504517,0.4040878713130951,frame_1767628989.31279.pkl
30,00:00:23,23.80142831802368,1767628990.007507,0.0,0.0,0.4399999976158142,0.0,0.0,0.9282994270324707,0.3718334436416626,frame_1767628990.007507.pkl
31,00:00:24,24.441426038742065,1767628990.6475048,0.0,0.0,0.4399999976158142,0.0,0.0,0.9407422542572021,0.3391224145889282,frame_1767628990.6475048.pkl
32,00:00:25,25.09186625480652,1767628991.297945,0.0,0.0,0.4399999976158142,0.0,0.0,0.9520326256752014,0.30599674582481384,frame_1767628991.297945.pkl
33,00:00:25,25.82726526260376,1767628992.033344,0.0,0.0,0.4399999976158142,0.0,0.0,0.9621568918228149,0.27249616384506226,frame_1767628992.033344.pkl
34,00:00:26,26.52816915512085,1767628992.734248,0.0,0.0,0.4399999976158142,0.0,0.0,0.9700192213058472,0.24302825331687927,frame_1767628992.734248.pkl
35,00:00:27,27.25222635269165,1767628993.4583051,0.0,0.0,0.4399999976158142,0.0,0.0,0.9789619445800781,0.20404298603534698,frame_1767628993.4583051.pkl
36,00:00:28,28.080974817276,1767628994.2870536,0.0,0.0,0.4399999976158142,0.0,0.0,0.987069845199585,0.16029077768325806,frame_1767628994.2870536.pkl
37,00:00:28,28.86141610145569,1767628995.0674949,0.0,0.0,0.4399999976158142,0.0,0.0,0.9926902055740356,0.12068981677293777,frame_1767628995.0674949.pkl
38,00:00:29,29.966428518295288,1767628996.1725073,0.0,0.0,0.4399999976158142,0.0,0.0,0.99782395362854,0.06593538075685501,frame_1767628996.1725073.pkl
39,00:00:30,30.791285037994385,1767628996.9973638,0.0,0.0,0.4399999976158142,0.0,0.0,0.9996625185012817,0.025978386402130127,frame_1767628996.9973638.pkl
40,00:00:31,31.676519870758057,1767628997.8825986,0.0,0.0,0.4399999976158142,0.0,0.0,0.9997115135192871,-0.024018317461013794,frame_1767628997.8825986.pkl
41,00:00:32,32.344202518463135,1767628998.5502813,0.0,0.0,0.4399999976158142,0.0,0.0,0.9982587099075317,-0.05898812413215637,frame_1767628998.5502813.pkl
42,00:00:33,33.077359199523926,1767628999.283438,0.0,0.0,0.4399999976158142,0.0,0.0,0.9955830574035645,-0.09388481825590134,frame_1767628999.283438.pkl
43,00:00:33,33.82923102378845,1767629000.0353098,0.0,0.0,0.4399999976158142,0.0,0.0,0.9910321831703186,-0.13362374901771545,frame_1767629000.0353098.pkl
44,00:00:34,34.568686962127686,1767629000.7747657,0.0,0.0,0.4399999976158142,0.0,0.0,0.9848958253860474,-0.17314821481704712,frame_1767629000.7747657.pkl
45,00:00:35,35.21522402763367,1767629001.4213028,0.0,0.0,0.4399999976158142,0.0,0.0,0.9782333374023438,-0.20750758051872253,frame_1767629001.4213028.pkl
46,00:00:35,35.87943243980408,1767629002.0855112,0.0,0.0,0.4399999976158142,0.0,0.0,0.9703738689422607,-0.24160806834697723,frame_1767629002.0855112.pkl
47,00:00:36,36.552233934402466,1767629002.7583127,0.0,0.0,0.4399999976158142,0.0,0.0,0.9613257646560669,-0.27541375160217285,frame_1767629002.7583127.pkl
48,00:00:37,37.31475639343262,1767629003.5208352,0.0,0.0,0.4399999976158142,0.0,0.0,0.9495442509651184,-0.313632994890213,frame_1767629003.5208352.pkl
49,00:00:38,38.022876024246216,1767629004.2289548,0.0,0.0,0.4399999976158142,0.0,0.0,0.9379891157150269,-0.3466647267341614,frame_1767629004.2289548.pkl
50,00:00:38,38.773916482925415,1767629004.9799953,0.0,0.0,0.4399999976158142,0.0,0.0,0.923377275466919,-0.3838938772678375,frame_1767629004.9799953.pkl
51,00:00:39,39.497671604156494,1767629005.7037504,0.0,0.0,0.4399999976158142,0.0,0.0,0.909379243850708,-0.4159679710865021,frame_1767629005.7037504.pkl
52,00:00:40,40.140305519104004,1767629006.3463843,0.0,0.0,0.4399999976158142,0.0,0.0,0.8982588648796082,-0.439466655254364,frame_1767629006.3463843.pkl
53,00:00:40,40.92354726791382,1767629007.129626,0.0,0.0,0.4399999976158142,0.0,0.0,0.8780606985092163,-0.47854921221733093,frame_1767629007.129626.pkl
54,00:00:41,41.56497263908386,1767629007.7710514,0.0,0.0,0.4399999976158142,0.0,0.0,-0.8633121252059937,0.5046701431274414,frame_1767629007.7710514.pkl
55,00:00:42,42.20917010307312,1767629008.4152489,0.0,0.0,0.4399999976158142,0.0,0.0,-0.8451253175735474,0.5345683693885803,frame_1767629008.4152489.pkl
56,00:00:42,42.97598719596863,1767629009.182066,0.0,0.0,0.4399999976158142,0.0,0.0,-0.824773907661438,0.5654627084732056,frame_1767629009.182066.pkl
57,00:00:43,43.738417625427246,1767629009.9444964,0.0,0.0,0.4399999976158142,0.0,0.0,-0.8026975393295288,0.5963862538337708,frame_1767629009.9444964.pkl
58,00:00:44,44.46104836463928,1767629010.6671271,0.0,0.0,0.4399999976158142,0.0,0.0,-0.7813383936882019,0.6241076588630676,frame_1767629010.6671271.pkl
59,00:00:45,45.089319467544556,1767629011.2953982,0.0,0.0,0.4399999976158142,0.0,0.0,-0.7590221762657166,0.6510647535324097,frame_1767629011.2953982.pkl
60,00:00:45,45.743046045303345,1767629011.9491248,0.0,0.0,0.4399999976158142,0.0,0.0,-0.739153265953064,0.6735373735427856,frame_1767629011.9491248.pkl
61,00:00:46,46.49462270736694,1767629012.7007015,0.0,0.0,0.4399999976158142,0.0,0.0,-0.7151331901550293,0.6989881992340088,frame_1767629012.7007015.pkl
62,00:00:47,47.251532316207886,1767629013.457611,0.0,0.0,0.4399999976158142,0.0,0.0,-0.6866111755371094,0.7270247936248779,frame_1767629013.457611.pkl
63,00:00:47,47.97188353538513,1767629014.1779623,0.0,0.0,0.4399999976158142,0.0,0.0,-0.6607518196105957,0.7506043910980225,frame_1767629014.1779623.pkl
64,00:00:48,48.79888129234314,1767629015.00496,0.0,0.0,0.4399999976158142,0.0,0.0,-0.6302095651626587,0.7764251232147217,frame_1767629015.00496.pkl
65,00:00:49,49.502910137176514,1767629015.708989,0.0,0.0,0.4399999976158142,0.0,0.0,-0.6026561260223389,0.7980009913444519,frame_1767629015.708989.pkl
66,00:00:50,50.29184031486511,1767629016.497919,0.0,0.0,0.4399999976158142,0.0,0.0,-0.5743647813796997,0.8185994625091553,frame_1767629016.497919.pkl
67,00:00:51,51.11013436317444,1767629017.3162131,0.0,0.0,0.4399999976158142,0.0,0.0,-0.5449502468109131,0.8384683728218079,frame_1767629017.3162131.pkl
68,00:00:52,52.020366191864014,1767629018.226445,0.0,0.0,0.4399999976158142,0.0,0.0,-0.5027967095375061,0.8644046783447266,frame_1767629018.226445.pkl
69,00:00:52,52.65536403656006,1767629018.8614428,0.0,0.0,0.4399999976158142,0.0,0.0,-0.4766431450843811,0.8790968656539917,frame_1767629018.8614428.pkl
70,00:00:53,53.385268688201904,1767629019.5913475,0.0,0.0,0.4399999976158142,0.0,0.0,-0.4455902874469757,0.8952370285987854,frame_1767629019.5913475.pkl
71,00:00:54,54.273765087127686,1767629020.4798439,0.0,0.0,0.4399999976158142,0.0,0.0,-0.40943509340286255,0.9123392701148987,frame_1767629020.4798439.pkl
72,00:00:54,54.929373025894165,1767629021.1354518,0.0,0.0,0.4399999976158142,0.0,0.0,-0.3772594928741455,0.9261075854301453,frame_1767629021.1354518.pkl
73,00:00:55,55.59747076034546,1767629021.8035495,0.0,0.0,0.4399999976158142,0.0,0.0,-0.3446212708950043,0.9387418031692505,frame_1767629021.8035495.pkl
74,00:00:56,56.29885244369507,1767629022.5049312,0.0,0.0,0.4399999976158142,0.0,0.0,-0.3115622401237488,0.9502257108688354,frame_1767629022.5049312.pkl
75,00:00:57,57.07154703140259,1767629023.2776258,0.0,0.0,0.4399999976158142,0.0,0.0,-0.27331578731536865,0.9619243741035461,frame_1767629023.2776258.pkl
76,00:00:57,57.745917558670044,1767629023.9519963,0.0,0.0,0.4399999976158142,0.0,0.0,-0.23949067294597626,0.9708986878395081,frame_1767629023.9519963.pkl
77,00:00:58,58.5756049156189,1767629024.7816837,0.0,0.0,0.4399999976158142,0.0,0.0,-0.20047424733638763,0.9796989560127258,frame_1767629024.7816837.pkl
78,00:00:59,59.36181426048279,1767629025.567893,0.0,0.0,0.4399999976158142,0.0,0.0,-0.1611350029706955,0.9869323968887329,frame_1767629025.567893.pkl
79,00:01:00,60.105769634246826,1767629026.3118484,0.0,0.0,0.4399999976158142,0.0,0.0,-0.126498743891716,0.9919667840003967,frame_1767629026.3118484.pkl
80,00:01:00,60.88306522369385,1767629027.089144,0.0,0.0,0.4399999976158142,0.0,0.0,-0.08672827482223511,0.9962319731712341,frame_1767629027.089144.pkl
81,00:01:01,61.694010496139526,1767629027.9000893,0.0,0.0,0.4399999976158142,0.0,0.0,-0.046818140894174576,0.9989034533500671,frame_1767629027.9000893.pkl
82,00:01:02,62.56935501098633,1767629028.7754338,0.0,0.0,0.4399999976158142,0.0,0.0,-0.018791019916534424,0.9998234510421753,frame_1767629028.7754338.pkl
83,00:01:03,63.30397009849548,1767629029.5100489,0.0,0.0,0.4399999976158142,0.0,0.0,-0.10344261676073074,0.9946354627609253,frame_1767629029.5100489.pkl
84,00:01:04,64.09552049636841,1767629030.3015993,0.0,0.0,0.4399999976158142,0.0,0.0,-0.20771943032741547,0.9781884551048279,frame_1767629030.3015993.pkl
85,00:01:04,64.81083059310913,1767629031.0169094,0.012482156977057457,-0.007671370171010494,0.4399999976158142,0.0,0.0,-0.2738996148109436,0.9617582559585571,frame_1767629031.0169094.pkl
86,00:01:05,65.6169331073761,1767629031.8230119,0.10770168900489807,-0.0702439621090889,0.4399999976158142,0.0,0.0,-0.2996392250061035,0.9540525674819946,frame_1767629031.8230119.pkl
87,00:01:06,66.27795195579529,1767629032.4840307,0.19470864534378052,-0.13124869763851166,0.4399999976158142,0.0,0.0,-0.3013957440853119,0.9534991383552551,frame_1767629032.4840307.pkl
88,00:01:06,66.93840074539185,1767629033.1444795,0.2708018124103546,-0.18383917212486267,0.4399999976158142,0.0,0.0,-0.29465252161026,0.9556044340133667,frame_1767629033.1444795.pkl
89,00:01:07,67.66989588737488,1767629033.8759747,0.4066707193851471,-0.274809330701828,0.4399999976158142,0.0,0.0,-0.2867400348186493,0.9580084085464478,frame_1767629033.8759747.pkl
90,00:01:08,68.4136106967926,1767629034.6196895,0.5373258590698242,-0.35927262902259827,0.4399999976158142,0.0,0.0,-0.2789575159549713,0.9603034257888794,frame_1767629034.6196895.pkl
91,00:01:09,69.06665086746216,1767629035.2727296,0.612886369228363,-0.4065930247306824,0.4399999976158142,0.0,0.0,-0.27367475628852844,0.9618222713470459,frame_1767629035.2727296.pkl
92,00:01:09,69.84426832199097,1767629036.050347,0.7787464261054993,-0.5088242292404175,0.4399999976158142,0.0,0.0,-0.2718070149421692,0.9623517990112305,frame_1767629036.050347.pkl
93,00:01:10,70.54331755638123,1767629036.7493963,0.9021327495574951,-0.5845462083816528,0.4399999976158142,0.0,0.0,-0.2718357741832733,0.9623436331748962,frame_1767629036.7493963.pkl
94,00:01:11,71.29991126060486,1767629037.50599,1.0066553354263306,-0.6488907337188721,0.4399999976158142,0.0,0.0,-0.27321532368659973,0.9619529247283936,frame_1767629037.50599.pkl
95,00:01:12,72.09934520721436,1767629038.305424,1.1435943841934204,-0.7340091466903687,0.4399999976158142,0.0,0.0,-0.2758219540119171,0.9612087607383728,frame_1767629038.305424.pkl
96,00:01:12,72.88234496116638,1767629039.0884237,1.2996976375579834,-0.8324695229530334,0.4399999976158142,0.0,0.0,-0.2798064053058624,0.9600564241409302,frame_1767629039.0884237.pkl
97,00:01:13,73.69671750068665,1767629039.9027963,1.3870688676834106,-0.8885304927825928,0.4399999976158142,0.0,0.0,-0.282914936542511,0.9591450095176697,frame_1767629039.9027963.pkl
98,00:01:14,74.41269063949585,1767629040.6187694,1.5376718044281006,-0.9862648248672485,0.4399999976158142,0.0,0.0,-0.2847777009010315,0.9585936069488525,frame_1767629040.6187694.pkl
99,00:01:15,75.22171306610107,1767629041.4277918,1.6515591144561768,-1.0606393814086914,0.4399999976158142,0.0,0.0,-0.2857106029987335,0.958315908908844,frame_1767629041.4277918.pkl
100,00:01:16,76.06302046775818,1767629042.2690992,1.7386566400527954,-1.1177455186843872,0.4399999976158142,0.0,0.0,-0.2879648506641388,0.9576409459114075,frame_1767629042.2690992.pkl
101,00:01:16,76.89587807655334,1767629043.1019568,1.832127332687378,-1.182131052017212,0.4399999976158142,0.0,0.0,-0.3077288866043091,0.9514740705490112,frame_1767629043.1019568.pkl
102,00:01:17,77.61808848381042,1767629043.8241673,1.9153978824615479,-1.246686339378357,0.4399999976158142,0.0,0.0,-0.3393576145172119,0.9406574368476868,frame_1767629043.8241673.pkl
103,00:01:18,78.31619906425476,1767629044.5222778,1.985260248184204,-1.307552695274353,0.4399999976158142,0.0,0.0,-0.362775057554245,0.9318767189979553,frame_1767629044.5222778.pkl
104,00:01:19,79.19415497779846,1767629045.4002337,2.0641393661499023,-1.384890079498291,0.4399999976158142,0.0,0.0,-0.39235061407089233,0.919815719127655,frame_1767629045.4002337.pkl
105,00:01:20,80.04743075370789,1767629046.2535095,2.1395928859710693,-1.466723084449768,0.4399999976158142,0.0,0.0,-0.408164381980896,0.9129084348678589,frame_1767629046.2535095.pkl
106,00:01:20,80.73378276824951,1767629046.9398615,2.220987558364868,-1.5572229623794556,0.4399999976158142,0.0,0.0,-0.4048916697502136,0.9143646359443665,frame_1767629046.9398615.pkl
107,00:01:21,81.44853234291077,1767629047.654611,2.295571804046631,-1.637557029724121,0.4399999976158142,0.0,0.0,-0.39589887857437134,0.9182941317558289,frame_1767629047.654611.pkl
108,00:01:22,82.23775577545166,1767629048.4438345,2.423870801925659,-1.7718477249145508,0.4399999976158142,0.0,0.0,-0.3905455470085144,0.9205836057662964,frame_1767629048.4438345.pkl
109,00:01:23,83.1580286026001,1767629049.3641074,2.5021543502807617,-1.8529253005981445,0.4399999976158142,0.0,0.0,-0.3910204768180847,0.9203819632530212,frame_1767629049.3641074.pkl
110,00:01:23,83.9912040233612,1767629050.1972828,2.5964879989624023,-1.9509469270706177,0.4399999976158142,0.0,0.0,-0.3919607400894165,0.9199819564819336,frame_1767629050.1972828.pkl
111,00:01:24,84.85718750953674,1767629051.0632663,2.6981303691864014,-2.0567305088043213,0.4399999976158142,0.0,0.0,-0.39179667830467224,0.9200518131256104,frame_1767629051.0632663.pkl
112,00:01:25,85.77761125564575,1767629051.98369,2.766547679901123,-2.1278281211853027,0.4399999976158142,0.0,0.0,-0.36814966797828674,0.9297665357589722,frame_1767629051.98369.pkl
113,00:01:26,86.67286491394043,1767629052.8789437,2.766547679901123,-2.1278281211853027,0.4399999976158142,0.0,0.0,-0.15143199265003204,0.9884676933288574,frame_1767629052.8789437.pkl
114,00:01:27,87.94799590110779,1767629054.1540747,2.766547679901123,-2.1278281211853027,0.4399999976158142,0.0,0.0,0.17212258279323578,0.9850755333900452,frame_1767629054.1540747.pkl
115,00:01:28,88.73059272766113,1767629054.9366715,2.766547679901123,-2.1278281211853027,0.4399999976158142,0.0,0.0,0.3375582695007324,0.941304624080658,frame_1767629054.9366715.pkl
116,00:01:29,89.58078050613403,1767629055.7868593,2.766547679901123,-2.1278281211853027,0.4399999976158142,0.0,0.0,0.46756991744041443,0.8839560747146606,frame_1767629055.7868593.pkl
117,00:01:30,90.40472364425659,1767629056.6108024,2.766547679901123,-2.1278281211853027,0.4399999976158142,0.0,0.0,0.5422164797782898,0.8402388095855713,frame_1767629056.6108024.pkl
118,00:01:31,91.19807457923889,1767629057.4041533,2.8209991455078125,-1.9928594827651978,0.4399999976158142,0.0,0.0,0.5741950273513794,0.8187185525894165,frame_1767629057.4041533.pkl
119,00:01:32,92.0063989162445,1767629058.2124777,2.8681650161743164,-1.8597561120986938,0.4399999976158142,0.0,0.0,0.5789499282836914,0.8153631091117859,frame_1767629058.2124777.pkl
120,00:01:32,92.84109425544739,1767629059.047173,2.9069314002990723,-1.7519042491912842,0.4399999976158142,0.0,0.0,0.5718770027160645,0.8203393220901489,frame_1767629059.047173.pkl
121,00:01:33,93.6541166305542,1767629059.8601954,2.9777116775512695,-1.5657603740692139,0.4399999976158142,0.0,0.0,0.5634034276008606,0.8261818885803223,frame_1767629059.8601954.pkl
122,00:01:34,94.44418907165527,1767629060.6502678,3.0322177410125732,-1.4298162460327148,0.4399999976158142,0.0,0.0,0.557030439376831,0.8304920792579651,frame_1767629060.6502678.pkl
123,00:01:35,95.25454616546631,1767629061.460625,3.0760421752929688,-1.3254973888397217,0.4399999976158142,0.0,0.0,0.5502774715423584,0.8349819183349609,frame_1767629061.460625.pkl
124,00:01:36,96.08382415771484,1767629062.289903,3.149433135986328,-1.154892921447754,0.4399999976158142,0.0,0.0,0.5495624542236328,0.835452675819397,frame_1767629062.289903.pkl
125,00:01:37,97.0612325668335,1767629063.2673113,3.2380547523498535,-0.9478311538696289,0.4399999976158142,0.0,0.0,0.5520018935203552,0.8338428735733032,frame_1767629063.2673113.pkl
126,00:01:38,98.11929965019226,1767629064.3253784,3.2380547523498535,-0.9478311538696289,0.4399999976158142,0.0,0.0,0.5520018935203552,0.8338428735733032,frame_1767629064.3253784.pkl
127,00:01:38,98.97109961509705,1767629065.1771784,3.298952102661133,-0.7978631258010864,0.4399999976158142,0.0,0.0,0.5650296211242676,0.8250705599784851,frame_1767629065.1771784.pkl
128,00:01:39,99.85307598114014,1767629066.0591547,3.35556697845459,-0.6448346376419067,0.4399999976158142,0.0,0.0,0.5771656632423401,0.8166270852088928,frame_1767629066.0591547.pkl
129,00:01:40,100.65859794616699,1767629066.8646767,3.426490068435669,-0.4366152286529541,0.4399999976158142,0.0,0.0,0.5870102643966675,0.8095794916152954,frame_1767629066.8646767.pkl
130,00:01:41,101.52242255210876,1767629067.7285013,3.479325771331787,-0.270041823387146,0.4399999976158142,0.0,0.0,0.5943024754524231,0.8042415976524353,frame_1767629067.7285013.pkl
131,00:01:42,102.51802253723145,1767629068.7241013,3.482895851135254,-0.2584117650985718,0.4399999976158142,0.0,0.0,0.5943975448608398,0.8041713237762451,frame_1767629068.7241013.pkl
132,00:01:43,103.3790135383606,1767629069.5850923,3.5144808292388916,-0.15511548519134521,0.4399999976158142,0.0,0.0,0.5952401757240295,0.8035478591918945,frame_1767629069.5850923.pkl
133,00:01:44,104.20967197418213,1767629070.4157507,3.5513997077941895,-0.033385396003723145,0.4399999976158142,0.0,0.0,0.5960596799850464,0.8029401302337646,frame_1767629070.4157507.pkl
134,00:01:44,104.99043941497803,1767629071.1965182,3.6027116775512695,0.13622546195983887,0.4399999976158142,0.0,0.0,0.595886766910553,0.8030684590339661,frame_1767629071.1965182.pkl
135,00:01:45,105.84302973747253,1767629072.0491085,3.63991117477417,0.2588144540786743,0.4399999976158142,0.0,0.0,0.5954035520553589,0.8034266829490662,frame_1767629072.0491085.pkl
136,00:01:46,106.70958352088928,1767629072.9156623,3.6676979064941406,0.34984636306762695,0.4399999976158142,0.0,0.0,0.5946046113967896,0.8040182590484619,frame_1767629072.9156623.pkl
137,00:01:47,107.67029237747192,1767629073.8763711,3.6701431274414062,0.35782885551452637,0.4399999976158142,0.0,0.0,0.5945601463317871,0.8040511012077332,frame_1767629073.8763711.pkl
138,00:01:48,108.72680568695068,1767629074.9328845,3.7240781784057617,0.5330770015716553,0.4399999976158142,0.0,0.0,0.5935770273208618,0.804777204990387,frame_1767629074.9328845.pkl
139,00:01:49,109.53520131111145,1767629075.74128,3.764862060546875,0.6642979383468628,0.4399999976158142,0.0,0.0,0.5887923240661621,0.808284342288971,frame_1767629075.74128.pkl
140,00:01:50,110.39023613929749,1767629076.596315,3.827963352203369,0.8326669931411743,0.4399999976158142,0.0,0.0,0.5411896109580994,0.8409005999565125,frame_1767629076.596315.pkl
141,00:01:51,111.16584467887878,1767629077.3719234,3.827963352203369,0.8326669931411743,0.4399999976158142,0.0,0.0,0.48481500148773193,0.8746167421340942,frame_1767629077.3719234.pkl
142,00:01:52,112.02822875976562,1767629078.2343075,3.832073211669922,0.8376903533935547,0.4399999976158142,0.0,0.0,0.42686599493026733,0.9043148756027222,frame_1767629078.2343075.pkl
143,00:01:52,112.83362054824829,1767629079.0396993,3.9011521339416504,0.9150867462158203,0.4399999976158142,0.0,0.0,0.3907984495162964,0.9204762578010559,frame_1767629079.0396993.pkl
144,00:01:53,113.65038108825684,1767629079.8564599,3.9762344360351562,0.9905496835708618,0.4399999976158142,0.0,0.0,0.37817028164863586,0.9257360696792603,frame_1767629079.8564599.pkl
145,00:01:54,114.60763382911682,1767629080.8137126,4.144640922546387,1.158258080482483,0.4399999976158142,0.0,0.0,0.38614383339881897,0.9224385619163513,frame_1767629080.8137126.pkl
146,00:01:55,115.44488143920898,1767629081.6509602,4.2506890296936035,1.2687029838562012,0.4399999976158142,0.0,0.0,0.39923253655433655,0.916849672794342,frame_1767629081.6509602.pkl
147,00:01:56,116.24384021759033,1767629082.449919,4.316998481750488,1.343010425567627,0.4399999976158142,0.0,0.0,0.4164683520793915,0.9091501832008362,frame_1767629082.449919.pkl
148,00:01:57,117.125657081604,1767629083.3317358,4.4348039627075195,1.483805775642395,0.4399999976158142,0.0,0.0,0.42985454201698303,0.9028981328010559,frame_1767629083.3317358.pkl
149,00:01:58,118.0240306854248,1767629084.2301095,4.513759136199951,1.5825318098068237,0.4399999976158142,0.0,0.0,0.4367547333240509,0.8995805978775024,frame_1767629084.2301095.pkl
150,00:01:58,118.83077144622803,1767629085.0368502,4.513759136199951,1.5825318098068237,0.4399999976158142,0.0,0.0,0.4367547333240509,0.8995805978775024,frame_1767629085.0368502.pkl
151,00:01:59,119.70809268951416,1767629085.9141715,4.513759136199951,1.5825318098068237,0.4399999976158142,0.0,0.0,0.42121076583862305,0.9069627523422241,frame_1767629085.9141715.pkl
152,00:02:00,120.52943706512451,1767629086.7355158,4.513759136199951,1.5825318098068237,0.4399999976158142,0.0,0.0,0.2939155399799347,0.9558314085006714,frame_1767629086.7355158.pkl
153,00:02:01,121.42491722106934,1767629087.630996,4.513759136199951,1.5825318098068237,0.4399999976158142,0.0,0.0,0.16675783693790436,0.9859978556632996,frame_1767629087.630996.pkl
154,00:02:02,122.2590765953064,1767629088.4651554,4.513759136199951,1.5825318098068237,0.4399999976158142,0.0,0.0,0.16675783693790436,0.9859978556632996,frame_1767629088.4651554.pkl
155,00:02:03,123.06685948371887,1767629089.2729383,4.537779331207275,1.5908278226852417,0.4399999976158142,0.0,0.0,0.16409306228160858,0.986444890499115,frame_1767629089.2729383.pkl
156,00:02:03,123.87664723396301,1767629090.082726,4.665350914001465,1.6324772834777832,0.4399999976158142,0.0,0.0,0.1499069631099701,0.9887000918388367,frame_1767629090.082726.pkl
157,00:02:04,124.74164390563965,1767629090.9477227,4.786464214324951,1.6682416200637817,0.4399999976158142,0.0,0.0,0.13574334979057312,0.9907439947128296,frame_1767629090.9477227.pkl
158,00:02:05,125.68501830101013,1767629091.891097,4.906627178192139,1.6989109516143799,0.4399999976158142,0.0,0.0,0.11194752901792526,0.9937141537666321,frame_1767629091.891097.pkl
159,00:02:06,126.73906707763672,1767629092.9451458,5.101113319396973,1.7320995330810547,0.4399999976158142,0.0,0.0,0.05477181077003479,0.9984989166259766,frame_1767629092.9451458.pkl
160,00:02:07,127.56371450424194,1767629093.7697933,5.203064441680908,1.7391633987426758,0.4399999976158142,0.0,0.0,0.0028750302735716105,0.9999958872795105,frame_1767629093.7697933.pkl
161,00:02:08,128.4760856628418,1767629094.6821644,5.203064441680908,1.7391633987426758,0.4399999976158142,0.0,0.0,-0.146507129073143,0.9892095923423767,frame_1767629094.6821644.pkl
162,00:02:09,129.49499583244324,1767629095.7010746,5.203064441680908,1.7391633987426758,0.4399999976158142,0.0,0.0,-0.31838226318359375,0.9479624032974243,frame_1767629095.7010746.pkl
163,00:02:10,130.3256025314331,1767629096.5316813,5.203064441680908,1.7391633987426758,0.4399999976158142,0.0,0.0,-0.1237027645111084,0.9923193454742432,frame_1767629096.5316813.pkl
164,00:02:11,131.21194458007812,1767629097.4180233,5.203064441680908,1.7391633987426758,0.4399999976158142,0.0,0.0,0.07590645551681519,0.9971149563789368,frame_1767629097.4180233.pkl
165,00:02:12,132.04042983055115,1767629098.2465086,5.203064441680908,1.7391633987426758,0.4399999976158142,0.0,0.0,0.2890723943710327,0.9573072195053101,frame_1767629098.2465086.pkl
166,00:02:12,132.85316491127014,1767629099.0592437,5.209278583526611,1.746172547340393,0.4399999976158142,0.0,0.0,0.4122765362262726,0.911058783531189,frame_1767629099.0592437.pkl
167,00:02:13,133.73705124855042,1767629099.94313,5.295684814453125,1.8565140962600708,0.4399999976158142,0.0,0.0,0.4594660699367523,0.8881953358650208,frame_1767629099.94313.pkl
168,00:02:14,134.61296343803406,1767629100.8190422,5.380560874938965,1.9758930206298828,0.4399999976158142,0.0,0.0,0.45543500781059265,0.8902690410614014,frame_1767629100.8190422.pkl
169,00:02:15,135.42762637138367,1767629101.6337051,5.500580787658691,2.133146286010742,0.4399999976158142,0.0,0.0,0.4298827350139618,0.9028847217559814,frame_1767629101.6337051.pkl
170,00:02:16,136.38024282455444,1767629102.5863216,5.611660003662109,2.2605581283569336,0.4399999976158142,0.0,0.0,0.3984132707118988,0.9172059893608093,frame_1767629102.5863216.pkl
171,00:02:17,137.3537049293518,1767629103.5597837,5.7319440841674805,2.3843860626220703,0.4399999976158142,0.0,0.0,0.38305559754371643,0.9237253069877625,frame_1767629103.5597837.pkl
172,00:02:18,138.24217057228088,1767629104.4482493,5.88405704498291,2.536367893218994,0.4399999976158142,0.0,0.0,0.3826826512813568,0.923879861831665,frame_1767629104.4482493.pkl
173,00:02:19,139.1751172542572,1767629105.381196,6.003382682800293,2.6574883460998535,0.4399999976158142,0.0,0.0,0.38971614837646484,0.9209350347518921,frame_1767629105.381196.pkl
174,00:02:20,140.20938539505005,1767629106.4154642,6.1759819984436035,2.8397369384765625,0.4399999976158142,0.0,0.0,0.4010014235973358,0.9160774350166321,frame_1767629106.4154642.pkl
175,00:02:21,141.0468270778656,1767629107.2529058,6.298669815063477,2.975552797317505,0.4399999976158142,0.0,0.0,0.41002070903778076,0.9120762348175049,frame_1767629107.2529058.pkl
176,00:02:22,142.0313286781311,1767629108.2374074,6.4477691650390625,3.1453449726104736,0.4399999976158142,0.0,0.0,0.41475948691368103,0.9099310636520386,frame_1767629108.2374074.pkl
177,00:02:22,142.96426677703857,1767629109.1703455,6.557474136352539,3.2720954418182373,0.4399999976158142,0.0,0.0,0.4166024923324585,0.9090887308120728,frame_1767629109.1703455.pkl
178,00:02:23,143.86927223205566,1767629110.075351,6.557474136352539,3.2720954418182373,0.4399999976158142,0.0,0.0,0.3951094150543213,0.9186340570449829,frame_1767629110.075351.pkl
179,00:02:24,144.8580777645111,1767629111.0641565,6.557474136352539,3.2720954418182373,0.4399999976158142,0.0,0.0,0.22441338002681732,0.9744940400123596,frame_1767629111.0641565.pkl
180,00:02:25,145.92916107177734,1767629112.1352398,6.557474136352539,3.2720954418182373,0.4399999976158142,0.0,0.0,0.10297319293022156,0.994684100151062,frame_1767629112.1352398.pkl
181,00:02:26,146.84664750099182,1767629113.0527263,6.557474136352539,3.2720954418182373,0.4399999976158142,0.0,0.0,0.3222986161708832,0.9466380476951599,frame_1767629113.0527263.pkl
182,00:02:27,147.841228723526,1767629114.0473075,6.557474136352539,3.2720954418182373,0.4399999976158142,0.0,0.0,0.5464836359024048,0.837469756603241,frame_1767629114.0473075.pkl
183,00:02:28,148.8019986152649,1767629115.0080774,6.557474136352539,3.2720954418182373,0.4399999976158142,0.0,0.0,0.7196189165115356,0.6943691968917847,frame_1767629115.0080774.pkl
184,00:02:29,149.84378838539124,1767629116.0498672,6.557474136352539,3.2720954418182373,0.4399999976158142,0.0,0.0,0.8690313100814819,0.4947570860385895,frame_1767629116.0498672.pkl
185,00:02:30,150.9648289680481,1767629117.1709077,6.557474136352539,3.2720954418182373,0.4399999976158142,0.0,0.0,0.9707270860671997,0.24018505215644836,frame_1767629117.1709077.pkl
186,00:02:32,152.02931833267212,1767629118.235397,6.557474136352539,3.2720954418182373,0.4399999976158142,0.0,0.0,0.9999722838401794,-0.007442176807671785,frame_1767629118.235397.pkl
187,00:02:33,153.079843044281,1767629119.2859218,6.557474136352539,3.2720954418182373,0.4399999976158142,0.0,0.0,0.9611980319023132,-0.27585911750793457,frame_1767629119.2859218.pkl
188,00:02:34,154.0457444190979,1767629120.2518232,6.557474136352539,3.2720954418182373,0.4399999976158142,0.0,0.0,0.8872386813163757,-0.4613107144832611,frame_1767629120.2518232.pkl
189,00:02:34,154.96874165534973,1767629121.1748204,6.550356864929199,3.2583675384521484,0.4399999976158142,0.0,0.0,-0.8549194931983948,0.518760621547699,frame_1767629121.1748204.pkl
190,00:02:35,155.89864110946655,1767629122.1047199,6.484618186950684,3.1363515853881836,0.4399999976158142,0.0,0.0,-0.8638924956321716,0.5036762356758118,frame_1767629122.1047199.pkl
191,00:02:36,156.80059480667114,1767629123.0066736,6.418494701385498,3.0301780700683594,0.4399999976158142,0.0,0.0,0.8844691514968872,-0.46659860014915466,frame_1767629123.0066736.pkl
192,00:02:37,157.70644068717957,1767629123.9125195,6.423328399658203,3.0372490882873535,0.4399999976158142,0.0,0.0,0.884283185005188,-0.466950923204422,frame_1767629123.9125195.pkl
193,00:02:38,158.57050776481628,1767629124.7765865,6.494940757751465,3.143463134765625,0.4399999976158142,0.0,0.0,0.8814797401428223,-0.47222182154655457,frame_1767629124.7765865.pkl
194,00:02:39,159.5587055683136,1767629125.7647843,6.563907146453857,3.248427391052246,0.4399999976158142,0.0,0.0,0.8786623477935791,-0.47744372487068176,frame_1767629125.7647843.pkl
195,00:02:40,160.43068027496338,1767629126.636759,6.563907146453857,3.248427391052246,0.4399999976158142,0.0,0.0,0.8786623477935791,-0.47744372487068176,frame_1767629126.636759.pkl
196,00:02:41,161.35950016975403,1767629127.565579,6.563131332397461,3.247232437133789,0.4399999976158142,0.0,0.0,0.8788918256759644,-0.4770210385322571,frame_1767629127.565579.pkl
197,00:02:42,162.18507409095764,1767629128.3911529,6.48876428604126,3.142853260040283,0.4399999976158142,0.0,0.0,0.8987053632736206,-0.4385528862476349,frame_1767629128.3911529.pkl
198,00:02:43,163.10198736190796,1767629129.3080661,6.414586067199707,3.055008888244629,0.4399999976158142,0.0,0.0,0.9123660326004028,-0.4093753397464752,frame_1767629129.3080661.pkl
199,00:02:44,164.04048991203308,1767629130.2465687,6.414586067199707,3.055008888244629,0.4399999976158142,0.0,0.0,0.8813490271568298,-0.47246572375297546,frame_1767629130.2465687.pkl
200,00:02:44,164.93062353134155,1767629131.1367023,6.414586067199707,3.055008888244629,0.4399999976158142,0.0,0.0,-0.8308448195457458,0.55650395154953,frame_1767629131.1367023.pkl
201,00:02:45,165.81031107902527,1767629132.0163898,6.4104743003845215,3.039768695831299,0.4399999976158142,0.0,0.0,-0.7929141521453857,0.6093334555625916,frame_1767629132.0163898.pkl
202,00:02:46,166.62196516990662,1767629132.828044,6.380834102630615,2.9180095195770264,0.4399999976158142,0.0,0.0,-0.781990647315979,0.6232900023460388,frame_1767629132.828044.pkl
203,00:02:47,167.51016473770142,1767629133.7162435,6.351907730102539,2.7932558059692383,0.4399999976158142,0.0,0.0,-0.7824873924255371,0.6226663589477539,frame_1767629133.7162435.pkl
204,00:02:48,168.33269095420837,1767629134.5387697,6.315612316131592,2.622303009033203,0.4399999976158142,0.0,0.0,-0.77079838514328,0.637079119682312,frame_1767629134.5387697.pkl
205,00:02:49,169.11436581611633,1767629135.3204446,6.295560836791992,2.505650520324707,0.4399999976158142,0.0,0.0,-0.7500107884407043,0.6614256501197815,frame_1767629135.3204446.pkl
206,00:02:49,169.95339608192444,1767629136.1594748,6.295560836791992,2.505650520324707,0.4399999976158142,0.0,0.0,-0.6888139247894287,0.724938154220581,frame_1767629136.1594748.pkl
207,00:02:50,170.71857142448425,1767629136.9246502,6.29744815826416,2.4957103729248047,0.4399999976158142,0.0,0.0,-0.6361256837844849,0.7715854644775391,frame_1767629136.9246502.pkl
208,00:02:51,171.54955863952637,1767629137.7556374,6.334150791168213,2.348909378051758,0.4399999976158142,0.0,0.0,-0.5961785912513733,0.8028518557548523,frame_1767629137.7556374.pkl
209,00:02:52,172.42774558067322,1767629138.6338243,6.382622241973877,2.2011544704437256,0.4399999976158142,0.0,0.0,-0.5776565074920654,0.816279947757721,frame_1767629138.6338243.pkl
210,00:02:53,173.36389112472534,1767629139.56997,6.447961330413818,2.0276334285736084,0.4399999976158142,0.0,0.0,-0.5599877238273621,0.8285008668899536,frame_1767629139.56997.pkl
211,00:02:54,174.2498984336853,1767629140.4559772,6.4958038330078125,1.913766622543335,0.4399999976158142,0.0,0.0,-0.5351366400718689,0.8447654843330383,frame_1767629140.4559772.pkl
212,00:02:55,175.0577907562256,1767629141.2638695,6.4958038330078125,1.913766622543335,0.4399999976158142,0.0,0.0,-0.4379022717475891,0.8990225791931152,frame_1767629141.2638695.pkl
213,00:02:55,175.83555030822754,1767629142.041629,6.4958038330078125,1.913766622543335,0.4399999976158142,0.0,0.0,-0.3346339762210846,0.9423481822013855,frame_1767629142.041629.pkl
214,00:02:56,176.5838439464569,1767629142.7899227,6.506749153137207,1.9069180488586426,0.4399999976158142,0.0,0.0,-0.2746453285217285,0.9615455865859985,frame_1767629142.7899227.pkl
215,00:02:57,177.6506097316742,1767629143.8566885,6.702983856201172,1.7955408096313477,0.4399999976158142,0.0,0.0,-0.2368018627166748,0.9715579748153687,frame_1767629143.8566885.pkl
216,00:02:58,178.6836986541748,1767629144.8897774,6.903496742248535,1.6935293674468994,0.4399999976158142,0.0,0.0,-0.23260533809661865,0.9725711941719055,frame_1767629144.8897774.pkl
217,00:02:59,179.56799173355103,1767629145.7740705,7.012330055236816,1.6365244388580322,0.4399999976158142,0.0,0.0,-0.24336770176887512,0.9699341058731079,frame_1767629145.7740705.pkl
218,00:03:00,180.4040868282318,1767629146.6101656,7.182580947875977,1.5454018115997314,0.4399999976158142,0.0,0.0,-0.24227885901927948,0.9702066779136658,frame_1767629146.6101656.pkl
219,00:03:01,181.29174089431763,1767629147.4978197,7.332108497619629,1.4669418334960938,0.4399999976158142,0.0,0.0,-0.23592588305473328,0.9717710614204407,frame_1767629147.4978197.pkl
220,00:03:02,182.11362099647522,1767629148.3196998,7.555566787719727,1.3550567626953125,0.4399999976158142,0.0,0.0,-0.22362539172172546,0.974675178527832,frame_1767629148.3196998.pkl
221,00:03:02,182.9862096309662,1767629149.1922884,7.728679656982422,1.273792028427124,0.4399999976158142,0.0,0.0,-0.2109002023935318,0.9775075912475586,frame_1767629149.1922884.pkl
222,00:03:03,183.82365226745605,1767629150.029731,7.816328525543213,1.2353579998016357,0.4399999976158142,0.0,0.0,-0.1992350071668625,0.9799517393112183,frame_1767629150.029731.pkl
223,00:03:04,184.6879198551178,1767629150.8939986,7.816328525543213,1.2353579998016357,0.4399999976158142,0.0,0.0,-0.1992350071668625,0.9799517393112183,frame_1767629150.8939986.pkl
224,00:03:05,185.49973583221436,1767629151.7058146,7.816328525543213,1.2353579998016357,0.4399999976158142,0.0,0.0,-0.20638889074325562,0.9784700870513916,frame_1767629151.7058146.pkl
225,00:03:06,186.2513689994812,1767629152.4574478,7.816328525543213,1.2353579998016357,0.4399999976158142,0.0,0.0,-0.2626476287841797,0.964891791343689,frame_1767629152.4574478.pkl
226,00:03:07,187.04121160507202,1767629153.2472904,7.838549613952637,1.2191777229309082,0.4399999976158142,0.0,0.0,-0.31220078468322754,0.9500161409378052,frame_1767629153.2472904.pkl
227,00:03:07,187.93640089035034,1767629154.1424797,7.987174034118652,1.1012210845947266,0.4399999976158142,0.0,0.0,-0.34538838267326355,0.9384598135948181,frame_1767629154.1424797.pkl
228,00:03:08,188.94471979141235,1767629155.1507986,8.132359504699707,0.97389817237854,0.4399999976158142,0.0,0.0,-0.32634639739990234,0.9452502131462097,frame_1767629155.1507986.pkl
229,00:03:09,189.74229502677917,1767629155.9483738,8.132359504699707,0.97389817237854,0.4399999976158142,0.0,0.0,-0.13204723596572876,0.9912434220314026,frame_1767629155.9483738.pkl
230,00:03:10,190.56282591819763,1767629156.7689047,8.132359504699707,0.97389817237854,0.4399999976158142,0.0,0.0,0.02506282925605774,0.9996858835220337,frame_1767629156.7689047.pkl
231,00:03:11,191.56217980384827,1767629157.7682586,8.132359504699707,0.97389817237854,0.4399999976158142,0.0,0.0,0.02506282925605774,0.9996858835220337,frame_1767629157.7682586.pkl
232,00:03:12,192.46924018859863,1767629158.675319,8.132359504699707,0.97389817237854,0.4399999976158142,0.0,0.0,0.02506282925605774,0.9996858835220337,frame_1767629158.675319.pkl
233,00:03:13,193.27544355392456,1767629159.4815223,8.132359504699707,0.97389817237854,0.4399999976158142,0.0,0.0,0.02506282925605774,0.9996858835220337,frame_1767629159.4815223.pkl
234,00:03:14,194.03717136383057,1767629160.2432501,8.132359504699707,0.97389817237854,0.4399999976158142,0.0,0.0,0.02506282925605774,0.9996858835220337,frame_1767629160.2432501.pkl
235,00:03:14,194.9406967163086,1767629161.1467755,8.132359504699707,0.97389817237854,0.4399999976158142,0.0,0.0,0.02506282925605774,0.9996858835220337,frame_1767629161.1467755.pkl
236,00:03:15,195.79487133026123,1767629162.00095,8.132359504699707,0.97389817237854,0.4399999976158142,0.0,0.0,0.02506282925605774,0.9996858835220337,frame_1767629162.00095.pkl
237,00:03:16,196.5495879650116,1767629162.7556667,8.132359504699707,0.97389817237854,0.4399999976158142,0.0,0.0,0.02506282925605774,0.9996858835220337,frame_1767629162.7556667.pkl
238,00:03:17,197.2819471359253,1767629163.488026,8.132359504699707,0.97389817237854,0.4399999976158142,0.0,0.0,0.02506282925605774,0.9996858835220337,frame_1767629163.488026.pkl
239,00:03:18,198.01471066474915,1767629164.2207894,8.132359504699707,0.97389817237854,0.4399999976158142,0.0,0.0,0.02506282925605774,0.9996858835220337,frame_1767629164.2207894.pkl
240,00:03:18,198.85153913497925,1767629165.057618,8.132359504699707,0.97389817237854,0.4399999976158142,0.0,0.0,0.02506282925605774,0.9996858835220337,frame_1767629165.057618.pkl
241,00:03:19,199.6797580718994,1767629165.8858368,8.132359504699707,0.97389817237854,0.4399999976158142,0.0,0.0,0.02506282925605774,0.9996858835220337,frame_1767629165.8858368.pkl
242,00:03:20,200.42815494537354,1767629166.6342337,8.132359504699707,0.97389817237854,0.4399999976158142,0.0,0.0,0.02506282925605774,0.9996858835220337,frame_1767629166.6342337.pkl
243,00:03:21,201.19936275482178,1767629167.4054415,8.132359504699707,0.97389817237854,0.4399999976158142,0.0,0.0,0.02506282925605774,0.9996858835220337,frame_1767629167.4054415.pkl
244,00:03:21,201.9612741470337,1767629168.167353,8.132359504699707,0.97389817237854,0.4399999976158142,0.0,0.0,0.013945340178906918,0.9999027848243713,frame_1767629168.167353.pkl
245,00:03:22,202.79745745658875,1767629169.0035362,8.132359504699707,0.97389817237854,0.4399999976158142,0.0,0.0,-0.1511559635400772,0.9885099530220032,frame_1767629169.0035362.pkl
246,00:03:23,203.5590386390686,1767629169.7651174,8.132359504699707,0.97389817237854,0.4399999976158142,0.0,0.0,-0.2684423625469208,0.9632957577705383,frame_1767629169.7651174.pkl
247,00:03:24,204.44483351707458,1767629170.6509123,8.11728286743164,0.9870321750640869,0.4399999976158142,0.0,0.0,-0.3531119227409363,0.9355810880661011,frame_1767629170.6509123.pkl
248,00:03:25,205.1435785293579,1767629171.3496573,8.038806915283203,1.0596351623535156,0.4399999976158142,0.0,0.0,-0.3729988634586334,0.927831768989563,frame_1767629171.3496573.pkl
249,00:03:25,205.85312390327454,1767629172.0592027,7.969830513000488,1.125112533569336,0.4399999976158142,0.0,0.0,-0.36818140745162964,0.9297539591789246,frame_1767629172.0592027.pkl
250,00:03:26,206.62525296211243,1767629172.8313317,7.969830513000488,1.125112533569336,0.4399999976158142,0.0,0.0,-0.3681812882423401,0.9297540187835693,frame_1767629172.8313317.pkl
251,00:03:27,207.45936489105225,1767629173.6654437,7.969830513000488,1.125112533569336,0.4399999976158142,0.0,0.0,-0.3681812882423401,0.9297540187835693,frame_1767629173.6654437.pkl
252,00:03:28,208.30029726028442,1767629174.506376,7.969830513000488,1.125112533569336,0.4399999976158142,0.0,0.0,-0.3913082182407379,0.9202596545219421,frame_1767629174.506376.pkl
253,00:03:29,209.22992539405823,1767629175.4360042,7.969830513000488,1.125112533569336,0.4399999976158142,0.0,0.0,-0.5725036263465881,0.8199021816253662,frame_1767629175.4360042.pkl
254,00:03:29,209.98968243598938,1767629176.1957612,7.969830513000488,1.125112533569336,0.4399999976158142,0.0,0.0,-0.7359448075294495,0.6770415902137756,frame_1767629176.1957612.pkl
255,00:03:30,210.93997383117676,1767629177.1460526,7.969830513000488,1.125112533569336,0.4399999976158142,0.0,0.0,-0.7359506487846375,0.6770352125167847,frame_1767629177.1460526.pkl
256,00:03:31,211.79677081108093,1767629178.0028496,7.969830513000488,1.125112533569336,0.4399999976158142,0.0,0.0,-0.7359654307365417,0.6770192384719849,frame_1767629178.0028496.pkl
257,00:03:32,212.60951232910156,1767629178.815591,7.969830513000488,1.125112533569336,0.4399999976158142,0.0,0.0,-0.7359849214553833,0.6769978404045105,frame_1767629178.815591.pkl
258,00:03:33,213.44905257225037,1767629179.6551313,7.969830513000488,1.125112533569336,0.4399999976158142,0.0,0.0,-0.7360174655914307,0.6769625544548035,frame_1767629179.6551313.pkl
259,00:03:34,214.19852018356323,1767629180.404599,7.969830513000488,1.125112533569336,0.4399999976158142,0.0,0.0,-0.7360476851463318,0.676929771900177,frame_1767629180.404599.pkl
260,00:03:35,215.03609919548035,1767629181.242178,7.969830513000488,1.125112533569336,0.4399999976158142,0.0,0.0,-0.7360936403274536,0.6768797636032104,frame_1767629181.242178.pkl
261,00:03:35,215.86147260665894,1767629182.0675514,7.969830513000488,1.125112533569336,0.4399999976158142,0.0,0.0,-0.7361427545547485,0.6768264174461365,frame_1767629182.0675514.pkl
262,00:03:36,216.60978245735168,1767629182.8158612,7.969830513000488,1.125112533569336,0.4399999976158142,0.0,0.0,-0.7361872792243958,0.6767778992652893,frame_1767629182.8158612.pkl
263,00:03:37,217.43051624298096,1767629183.636595,7.969830513000488,1.125112533569336,0.4399999976158142,0.0,0.0,-0.7362337708473206,0.6767271161079407,frame_1767629183.636595.pkl
264,00:03:38,218.19510316848755,1767629184.401182,7.969830513000488,1.125112533569336,0.4399999976158142,0.0,0.0,-0.7362769842147827,0.6766802072525024,frame_1767629184.401182.pkl
265,00:03:39,219.04139280319214,1767629185.2474716,7.969830513000488,1.125112533569336,0.4399999976158142,0.0,0.0,-0.7363196611404419,0.6766337752342224,frame_1767629185.2474716.pkl
266,00:03:39,219.93846035003662,1767629186.144539,7.969830513000488,1.125112533569336,0.4399999976158142,0.0,0.0,-0.736354410648346,0.67659592628479,frame_1767629186.144539.pkl
267,00:03:40,220.76366639137268,1767629186.9697452,7.969830513000488,1.125112533569336,0.4399999976158142,0.0,0.0,-0.7363780736923218,0.6765702962875366,frame_1767629186.9697452.pkl
268,00:03:41,221.7558238506317,1767629187.9619026,7.962976455688477,1.4454267024993896,0.4399999976158142,0.0,0.0,-0.6599143147468567,0.7513408660888672,frame_1767629187.9619026.pkl
269,00:03:42,222.6694016456604,1767629188.8754804,7.904560089111328,1.7086613178253174,0.4399999976158142,0.0,0.0,-0.5897191166877747,0.807608425617218,frame_1767629188.8754804.pkl
270,00:03:43,223.599915266037,1767629189.805994,7.799962997436523,1.9571831226348877,0.4399999976158142,0.0,0.0,-0.5147500038146973,0.8573403358459473,frame_1767629189.805994.pkl
271,00:03:44,224.46747589111328,1767629190.6735547,7.69055700302124,2.1327152252197266,0.4399999976158142,0.0,0.0,-0.4566451907157898,0.8896489143371582,frame_1767629190.6735547.pkl
272,00:03:45,225.31336975097656,1767629191.5194485,7.69055700302124,2.1327152252197266,0.4399999976158142,0.0,0.0,-0.4566451907157898,0.8896489143371582,frame_1767629191.5194485.pkl
273,00:03:46,226.1569585800171,1767629192.3630373,7.69055700302124,2.1327152252197266,0.4399999976158142,0.0,0.0,-0.4566451907157898,0.8896489143371582,frame_1767629192.3630373.pkl
274,00:03:46,226.8869879245758,1767629193.0930667,7.69055700302124,2.1327152252197266,0.4399999976158142,0.0,0.0,-0.4566451907157898,0.8896489143371582,frame_1767629193.0930667.pkl
275,00:03:47,227.64292573928833,1767629193.8490045,7.69055700302124,2.1327152252197266,0.4399999976158142,0.0,0.0,-0.4566451907157898,0.8896489143371582,frame_1767629193.8490045.pkl
276,00:03:48,228.61901760101318,1767629194.8250964,7.69055700302124,2.1327152252197266,0.4399999976158142,0.0,0.0,-0.4566451907157898,0.8896489143371582,frame_1767629194.8250964.pkl
277,00:03:49,229.42994666099548,1767629195.6360254,7.69055700302124,2.1327152252197266,0.4399999976158142,0.0,0.0,-0.4566451907157898,0.8896489143371582,frame_1767629195.6360254.pkl
278,00:03:50,230.22701478004456,1767629196.4330935,7.69055700302124,2.1327152252197266,0.4399999976158142,0.0,0.0,-0.4566451907157898,0.8896489143371582,frame_1767629196.4330935.pkl
279,00:03:50,230.946138381958,1767629197.1522171,7.69055700302124,2.1327152252197266,0.4399999976158142,0.0,0.0,-0.4566451907157898,0.8896489143371582,frame_1767629197.1522171.pkl
280,00:03:51,231.73575377464294,1767629197.9418325,7.69055700302124,2.1327152252197266,0.4399999976158142,0.0,0.0,-0.4566451907157898,0.8896489143371582,frame_1767629197.9418325.pkl
281,00:03:52,232.55807447433472,1767629198.7641532,7.69055700302124,2.1327152252197266,0.4399999976158142,0.0,0.0,-0.4566451907157898,0.8896489143371582,frame_1767629198.7641532.pkl
282,00:03:53,233.2739589214325,1767629199.4800377,7.69055700302124,2.1327152252197266,0.4399999976158142,0.0,0.0,-0.4566451907157898,0.8896489143371582,frame_1767629199.4800377.pkl
283,00:03:54,234.01952934265137,1767629200.225608,7.69055700302124,2.1327152252197266,0.4399999976158142,0.0,0.0,-0.4566451907157898,0.8896489143371582,frame_1767629200.225608.pkl
284,00:03:54,234.71098446846008,1767629200.9170632,7.69055700302124,2.1327152252197266,0.4399999976158142,0.0,0.0,-0.4566451907157898,0.8896489143371582,frame_1767629200.9170632.pkl
285,00:03:55,235.60212635993958,1767629201.8082051,7.69055700302124,2.1327152252197266,0.4399999976158142,0.0,0.0,-0.4566451907157898,0.8896489143371582,frame_1767629201.8082051.pkl
286,00:03:56,236.42899107933044,1767629202.6350698,7.69055700302124,2.1327152252197266,0.4399999976158142,0.0,0.0,-0.4566451907157898,0.8896489143371582,frame_1767629202.6350698.pkl
287,00:03:57,237.156432390213,1767629203.3625112,7.69055700302124,2.1327152252197266,0.4399999976158142,0.0,0.0,-0.4432496726512909,0.8963981866836548,frame_1767629203.3625112.pkl
288,00:03:58,238.04827284812927,1767629204.2543516,7.69055700302124,2.1327152252197266,0.4399999976158142,0.0,0.0,-0.239373579621315,0.9709275364875793,frame_1767629204.2543516.pkl
289,00:03:58,238.80499124526978,1767629205.01107,7.69055700302124,2.1327152252197266,0.4399999976158142,0.0,0.0,-0.03421264886856079,0.9994145631790161,frame_1767629205.01107.pkl
290,00:03:59,239.57010006904602,1767629205.7761788,7.69055700302124,2.1327152252197266,0.4399999976158142,0.0,0.0,0.1650237739086151,0.9862895607948303,frame_1767629205.7761788.pkl
291,00:04:00,240.360919713974,1767629206.5669985,7.69055700302124,2.1327152252197266,0.4399999976158142,0.0,0.0,0.35768061876296997,0.9338439702987671,frame_1767629206.5669985.pkl
292,00:04:01,241.11183857917786,1767629207.3179173,7.69055700302124,2.1327152252197266,0.4399999976158142,0.0,0.0,0.4491231441497803,0.8934698104858398,frame_1767629207.3179173.pkl
293,00:04:01,241.86523985862732,1767629208.0713186,7.69055700302124,2.1327152252197266,0.4399999976158142,0.0,0.0,0.4491231441497803,0.8934698104858398,frame_1767629208.0713186.pkl
294,00:04:02,242.68781661987305,1767629208.8938954,7.69055700302124,2.1327152252197266,0.4399999976158142,0.0,0.0,0.44912317395210266,0.8934698104858398,frame_1767629208.8938954.pkl
295,00:04:03,243.39097476005554,1767629209.5970535,7.69055700302124,2.1327152252197266,0.4399999976158142,0.0,0.0,0.4491231441497803,0.8934698104858398,frame_1767629209.5970535.pkl
296,00:04:04,244.31741738319397,1767629210.5234962,7.671135902404785,2.1060357093811035,0.4399999976158142,0.0,0.0,0.45892390608787537,0.8884755969047546,frame_1767629210.5234962.pkl
297,00:04:05,245.05847001075745,1767629211.2645488,7.561778545379639,1.926957130432129,0.4399999976158142,0.0,0.0,0.5199441313743591,0.8542003035545349,frame_1767629211.2645488.pkl
298,00:04:06,246.0313003063202,1767629212.237379,7.451181888580322,1.6486239433288574,0.4399999976158142,0.0,0.0,0.6026257276535034,0.7980239391326904,frame_1767629212.237379.pkl
299,00:04:06,246.8023750782013,1767629213.0084538,7.403972625732422,1.4135751724243164,0.4399999976158142,0.0,0.0,0.6644788980484009,0.7473070025444031,frame_1767629213.0084538.pkl
300,00:04:07,247.67670345306396,1767629213.8827822,7.399075984954834,1.3658268451690674,0.4399999976158142,0.0,0.0,0.6763497591018677,0.7365805506706238,frame_1767629213.8827822.pkl
301,00:04:08,248.5806529521942,1767629214.7867317,7.399075984954834,1.3658268451690674,0.4399999976158142,0.0,0.0,0.6763500571250916,0.7365803122520447,frame_1767629214.7867317.pkl
302,00:04:09,249.52245044708252,1767629215.7285292,7.399075984954834,1.3658268451690674,0.4399999976158142,0.0,0.0,0.680027961730957,0.7331861853599548,frame_1767629215.7285292.pkl
303,00:04:10,250.3980073928833,1767629216.6040862,7.399075984954834,1.3658268451690674,0.4399999976158142,0.0,0.0,0.8018473982810974,0.5975287556648254,frame_1767629216.6040862.pkl
304,00:04:11,251.4290795326233,1767629217.6351583,7.399075984954834,1.3658268451690674,0.4399999976158142,0.0,0.0,0.8018473982810974,0.5975287556648254,frame_1767629217.6351583.pkl
305,00:04:12,252.2797873020172,1767629218.485866,7.399075984954834,1.3658268451690674,0.4399999976158142,0.0,0.0,0.8018473982810974,0.5975287556648254,frame_1767629218.485866.pkl
306,00:04:13,253.186452627182,1767629219.3925314,7.399075984954834,1.3658268451690674,0.4399999976158142,0.0,0.0,0.8018473982810974,0.5975287556648254,frame_1767629219.3925314.pkl
307,00:04:14,254.08667945861816,1767629220.2927582,7.399075984954834,1.3658268451690674,0.4399999976158142,0.0,0.0,0.8018473982810974,0.5975287556648254,frame_1767629220.2927582.pkl
308,00:04:14,254.90048599243164,1767629221.1065648,7.399075984954834,1.3658268451690674,0.4399999976158142,0.0,0.0,0.8018473982810974,0.5975287556648254,frame_1767629221.1065648.pkl
309,00:04:15,255.72419595718384,1767629221.9302747,7.399075984954834,1.3658268451690674,0.4399999976158142,0.0,0.0,0.8018473982810974,0.5975287556648254,frame_1767629221.9302747.pkl
310,00:04:16,256.5824165344238,1767629222.7884953,7.399075984954834,1.3658268451690674,0.4399999976158142,0.0,0.0,0.8018473982810974,0.5975287556648254,frame_1767629222.7884953.pkl
311,00:04:17,257.451274394989,1767629223.6573532,7.399075984954834,1.3658268451690674,0.4399999976158142,0.0,0.0,0.8018473982810974,0.5975287556648254,frame_1767629223.6573532.pkl
312,00:04:18,258.2517395019531,1767629224.4578183,7.399075984954834,1.3658268451690674,0.4399999976158142,0.0,0.0,0.8018473982810974,0.5975287556648254,frame_1767629224.4578183.pkl
313,00:04:19,259.06796956062317,1767629225.2740483,7.399075984954834,1.3658268451690674,0.4399999976158142,0.0,0.0,0.8018473982810974,0.5975287556648254,frame_1767629225.2740483.pkl
314,00:04:19,259.9574627876282,1767629226.1635416,7.399075984954834,1.3658268451690674,0.4399999976158142,0.0,0.0,0.8018473982810974,0.5975287556648254,frame_1767629226.1635416.pkl
315,00:04:20,260.8924198150635,1767629227.0984986,7.399075984954834,1.3658268451690674,0.4399999976158142,0.0,0.0,0.8018473982810974,0.5975287556648254,frame_1767629227.0984986.pkl
316,00:04:21,261.7037389278412,1767629227.9098177,7.399075984954834,1.3658268451690674,0.4399999976158142,0.0,0.0,0.8018473982810974,0.5975287556648254,frame_1767629227.9098177.pkl
317,00:04:22,262.6302433013916,1767629228.836322,7.399075984954834,1.3658268451690674,0.4399999976158142,0.0,0.0,0.8018473982810974,0.5975287556648254,frame_1767629228.836322.pkl
318,00:04:23,263.3961431980133,1767629229.602222,7.399075984954834,1.3658268451690674,0.4399999976158142,0.0,0.0,0.8018473982810974,0.5975287556648254,frame_1767629229.602222.pkl
319,00:04:24,264.21229887008667,1767629230.4183776,7.399075984954834,1.3658268451690674,0.4399999976158142,0.0,0.0,0.8018473982810974,0.5975287556648254,frame_1767629230.4183776.pkl
320,00:04:25,265.0122652053833,1767629231.218344,7.399075984954834,1.3658268451690674,0.4399999976158142,0.0,0.0,0.8018473982810974,0.5975287556648254,frame_1767629231.218344.pkl
321,00:04:25,265.8746166229248,1767629232.0806954,7.399075984954834,1.3658268451690674,0.4399999976158142,0.0,0.0,0.8018473982810974,0.5975287556648254,frame_1767629232.0806954.pkl
322,00:04:26,266.71352458000183,1767629232.9196033,7.399075984954834,1.3658268451690674,0.4399999976158142,0.0,0.0,0.8018473982810974,0.5975287556648254,frame_1767629232.9196033.pkl
323,00:04:27,267.5803573131561,1767629233.786436,7.399075984954834,1.3658268451690674,0.4399999976158142,0.0,0.0,0.8018473982810974,0.5975287556648254,frame_1767629233.786436.pkl
324,00:04:28,268.4334421157837,1767629234.639521,7.399075984954834,1.3658268451690674,0.4399999976158142,0.0,0.0,0.8018473982810974,0.5975287556648254,frame_1767629234.639521.pkl
325,00:04:29,269.26584243774414,1767629235.4719212,7.399075984954834,1.3658268451690674,0.4399999976158142,0.0,0.0,0.8018473982810974,0.5975287556648254,frame_1767629235.4719212.pkl
326,00:04:30,270.11393642425537,1767629236.3200152,7.393721580505371,1.383012294769287,0.4399999976158142,0.0,0.0,0.8098406195640564,0.5866497755050659,frame_1767629236.3200152.pkl
327,00:04:31,271.093932390213,1767629237.3000112,7.304290294647217,1.5610661506652832,0.4399999976158142,0.0,0.0,0.8884140849113464,0.4590429961681366,frame_1767629237.3000112.pkl
328,00:04:32,272.02127289772034,1767629238.2273517,7.181907653808594,1.692312479019165,0.4399999976158142,0.0,0.0,0.9421135187149048,0.3352939784526825,frame_1767629238.2273517.pkl
329,00:04:32,272.9319865703583,1767629239.1380653,7.0289506912231445,1.7861626148223877,0.4399999976158142,0.0,0.0,0.9786686897277832,0.20544466376304626,frame_1767629239.1380653.pkl
330,00:04:34,274.0009686946869,1767629240.2070475,6.816773891448975,1.8404169082641602,0.4399999976158142,0.0,0.0,0.9991215467453003,0.04190566763281822,frame_1767629240.2070475.pkl
331,00:04:35,275.07764649391174,1767629241.2837253,6.6296868324279785,1.829991340637207,0.4399999976158142,0.0,0.0,0.9950952529907227,-0.09892204403877258,frame_1767629241.2837253.pkl
332,00:04:35,275.88949704170227,1767629242.0955758,6.6296868324279785,1.829991340637207,0.4399999976158142,0.0,0.0,0.9975695013999939,-0.0696781575679779,frame_1767629242.0955758.pkl
333,00:04:36,276.8269622325897,1767629243.033041,6.6296868324279785,1.829991340637207,0.4399999976158142,0.0,0.0,0.9913022518157959,0.1316043734550476,frame_1767629243.033041.pkl
334,00:04:37,277.84806418418884,1767629244.054143,6.6296868324279785,1.829991340637207,0.4399999976158142,0.0,0.0,0.944738507270813,0.3278249204158783,frame_1767629244.054143.pkl
335,00:04:38,278.71364068984985,1767629244.9197195,6.618340492248535,1.8426733016967773,0.4399999976158142,0.0,0.0,0.9126460552215576,0.40875083208084106,frame_1767629244.9197195.pkl
336,00:04:39,279.8222632408142,1767629246.028342,6.525164604187012,1.9489738941192627,0.4399999976158142,0.0,0.0,0.9101511836051941,0.4142761528491974,frame_1767629246.028342.pkl
337,00:04:40,280.6909773349762,1767629246.897056,6.435800552368164,2.0448217391967773,0.4399999976158142,0.0,0.0,0.9228138327598572,0.38524627685546875,frame_1767629246.897056.pkl
338,00:04:41,281.6475660800934,1767629247.8536448,6.284182548522949,2.190617799758911,0.4399999976158142,0.0,0.0,0.9322076439857483,0.3619239032268524,frame_1767629247.8536448.pkl
339,00:04:42,282.5459771156311,1767629248.752056,6.154029369354248,2.30576229095459,0.4399999976158142,0.0,0.0,0.9374896287918091,0.3480131924152374,frame_1767629248.752056.pkl
340,00:04:43,283.53852128982544,1767629249.7446,5.958110332489014,2.4761292934417725,0.4399999976158142,0.0,0.0,0.9355369210243225,0.35322877764701843,frame_1767629249.7446.pkl
341,00:04:44,284.4818916320801,1767629250.6879704,5.825716495513916,2.595977783203125,0.4399999976158142,0.0,0.0,0.9292430877685547,0.3694688379764557,frame_1767629250.6879704.pkl
342,00:04:45,285.39049100875854,1767629251.5965698,5.825716495513916,2.595977783203125,0.4399999976158142,0.0,0.0,0.8929720520973206,0.45011213421821594,frame_1767629251.5965698.pkl
343,00:04:46,286.3565821647644,1767629252.562661,5.825716495513916,2.595977783203125,0.4399999976158142,0.0,0.0,0.8447938561439514,0.5350915193557739,frame_1767629252.562661.pkl
344,00:04:47,287.27449321746826,1767629253.480572,5.8197150230407715,2.614108085632324,0.4399999976158142,0.0,0.0,0.810059130191803,0.5863481163978577,frame_1767629253.480572.pkl
345,00:04:48,288.093976020813,1767629254.3000548,5.77420711517334,2.759202241897583,0.4399999976158142,0.0,0.0,0.803430438041687,0.5953986048698425,frame_1767629254.3000548.pkl
346,00:04:48,288.8983528614044,1767629255.1044316,5.731663703918457,2.8940234184265137,0.4399999976158142,0.0,0.0,0.810587465763092,0.5856176614761353,frame_1767629255.1044316.pkl
347,00:04:49,289.7169063091278,1767629255.922985,5.6941142082214355,2.99947190284729,0.4399999976158142,0.0,0.0,0.8221412897109985,0.5692837238311768,frame_1767629255.922985.pkl
348,00:04:50,290.66079568862915,1767629256.8668745,5.620133399963379,3.1896746158599854,0.4399999976158142,0.0,0.0,0.8284134268760681,0.5601171255111694,frame_1767629256.8668745.pkl
349,00:04:51,291.5498352050781,1767629257.755914,5.56311559677124,3.3301796913146973,0.4399999976158142,0.0,0.0,0.8304581046104431,0.5570811033248901,frame_1767629257.755914.pkl
350,00:04:52,292.34476494789124,1767629258.5508437,5.484156131744385,3.5262982845306396,0.4399999976158142,0.0,0.0,0.826690673828125,0.562656581401825,frame_1767629258.5508437.pkl
351,00:04:53,293.2132217884064,1767629259.4193006,5.418963432312012,3.696892261505127,0.4399999976158142,0.0,0.0,0.820212185382843,0.5720593333244324,frame_1767629259.4193006.pkl
352,00:04:54,294.08264207839966,1767629260.2887208,5.3764495849609375,3.8177502155303955,0.4399999976158142,0.0,0.0,0.8124101758003235,0.583086371421814,frame_1767629260.2887208.pkl
353,00:04:54,294.92345213890076,1767629261.129531,5.322492599487305,3.9824042320251465,0.4399999976158142,0.0,0.0,0.8070915937423706,0.5904262661933899,frame_1767629261.129531.pkl
354,00:04:55,295.8218719959259,1767629262.0279508,5.273947715759277,4.138788223266602,0.4399999976158142,0.0,0.0,0.8036363124847412,0.5951207876205444,frame_1767629262.0279508.pkl
355,00:04:56,296.58729791641235,1767629262.7933767,5.214003086090088,4.335229396820068,0.4399999976158142,0.0,0.0,0.8039596676826477,0.5946837663650513,frame_1767629262.7933767.pkl
356,00:04:57,297.38050651550293,1767629263.5865853,5.1732048988342285,4.467321395874023,0.4399999976158142,0.0,0.0,0.8055713772773743,0.5924985408782959,frame_1767629263.5865853.pkl
357,00:04:58,298.18493604660034,1767629264.3910148,5.135654449462891,4.58536958694458,0.4399999976158142,0.0,0.0,0.8086470365524292,0.5882940888404846,frame_1767629264.3910148.pkl
358,00:04:59,299.24829506874084,1767629265.4543738,5.063970565795898,4.802323818206787,0.4399999976158142,0.0,0.0,0.828055202960968,0.5606465339660645,frame_1767629265.4543738.pkl
359,00:05:00,300.2748866081238,1767629266.4809654,5.063970565795898,4.802323818206787,0.4399999976158142,0.0,0.0,0.9410184621810913,0.3383551836013794,frame_1767629266.4809654.pkl
360,00:05:01,301.1286985874176,1767629267.3347774,5.063970565795898,4.802323818206787,0.4399999976158142,0.0,0.0,0.95379638671875,0.30045372247695923,frame_1767629267.3347774.pkl
361,00:05:02,302.0186200141907,1767629268.2246988,5.063970565795898,4.802323818206787,0.4399999976158142,0.0,0.0,0.8750931024551392,0.48395466804504395,frame_1767629268.2246988.pkl
362,00:05:03,303.126980304718,1767629269.333059,5.063970565795898,4.802323818206787,0.4399999976158142,0.0,0.0,0.6928284764289856,0.7211024165153503,frame_1767629269.333059.pkl
363,00:05:04,304.07884454727173,1767629270.2849233,5.063970565795898,4.802323818206787,0.4399999976158142,0.0,0.0,0.5272958278656006,0.8496817946434021,frame_1767629270.2849233.pkl
364,00:05:05,305.12807536125183,1767629271.3341541,5.0671844482421875,4.808769702911377,0.4399999976158142,0.0,0.0,0.5245538353919983,0.8513773083686829,frame_1767629271.3341541.pkl
365,00:05:06,306.09641456604004,1767629272.3024933,5.139845848083496,4.932743549346924,0.4399999976158142,0.0,0.0,0.46864184737205505,0.8833882808685303,frame_1767629272.3024933.pkl
366,00:05:06,306.9257152080536,1767629273.131794,5.21356725692749,5.029971122741699,0.4399999976158142,0.0,0.0,0.4250994622707367,0.9051466584205627,frame_1767629273.131794.pkl
367,00:05:07,307.8619945049286,1767629274.0680733,5.362964630126953,5.197128772735596,0.4399999976158142,0.0,0.0,0.3924782872200012,0.9197613000869751,frame_1767629274.0680733.pkl
368,00:05:08,308.96573090553284,1767629275.1718097,5.509535789489746,5.3434295654296875,0.4399999976158142,0.0,0.0,0.3734855353832245,0.9276360273361206,frame_1767629275.1718097.pkl
369,00:05:09,309.8661150932312,1767629276.0721939,5.6613335609436035,5.490816593170166,0.4399999976158142,0.0,0.0,0.37965771555900574,0.9251270294189453,frame_1767629276.0721939.pkl
370,00:05:10,310.8577663898468,1767629277.0638452,5.766326427459717,5.598525524139404,0.4399999976158142,0.0,0.0,0.40386369824409485,0.9148191809654236,frame_1767629277.0638452.pkl
371,00:05:11,311.74011421203613,1767629277.946193,5.766326427459717,5.598525524139404,0.4399999976158142,0.0,0.0,0.46586188673973083,0.8848574161529541,frame_1767629277.946193.pkl
372,00:05:12,312.6426808834076,1767629278.8487597,5.772282123565674,5.610823154449463,0.4399999976158142,0.0,0.0,0.5337241888046265,0.8456586003303528,frame_1767629278.8487597.pkl
373,00:05:13,313.5660936832428,1767629279.7721725,5.823902606964111,5.736385822296143,0.4399999976158142,0.0,0.0,0.575598955154419,0.8177321553230286,frame_1767629279.7721725.pkl
374,00:05:14,314.3351380825043,1767629280.5412169,5.855457305908203,5.828077793121338,0.4399999976158142,0.0,0.0,0.5842147469520569,0.8115991353988647,frame_1767629280.5412169.pkl
375,00:05:15,315.4219899177551,1767629281.6280687,5.919739246368408,6.0169196128845215,0.4399999976158142,0.0,0.0,0.579174280166626,0.8152037262916565,frame_1767629281.6280687.pkl
376,00:05:16,316.2435746192932,1767629282.4496534,5.963170528411865,6.137978553771973,0.4399999976158142,0.0,0.0,0.5761978030204773,0.8173102736473083,frame_1767629282.4496534.pkl
377,00:05:17,317.2876191139221,1767629283.493698,6.032395362854004,6.368866443634033,0.4399999976158142,0.0,0.0,0.6248038411140442,0.7807817459106445,frame_1767629283.493698.pkl
378,00:05:18,318.13548135757446,1767629284.3415601,6.032395362854004,6.368866443634033,0.4399999976158142,0.0,0.0,0.6625661253929138,0.7490034699440002,frame_1767629284.3415601.pkl
379,00:05:18,318.93685698509216,1767629285.1429358,6.032037258148193,6.385023593902588,0.4399999976158142,0.0,0.0,0.7178608775138855,0.6961864829063416,frame_1767629285.1429358.pkl
380,00:05:19,319.72629261016846,1767629285.9323714,6.025511741638184,6.473505020141602,0.4399999976158142,0.0,0.0,0.7459254264831543,0.6660295128822327,frame_1767629285.9323714.pkl
381,00:05:20,320.59539818763733,1767629286.801477,5.986498832702637,6.722193717956543,0.4399999976158142,0.0,0.0,0.7730359435081482,0.6343622207641602,frame_1767629286.801477.pkl
382,00:05:21,321.4210932254791,1767629287.627172,5.948076248168945,6.894923686981201,0.4399999976158142,0.0,0.0,0.7874883413314819,0.6163297295570374,frame_1767629287.627172.pkl
383,00:05:22,322.3849501609802,1767629288.591029,5.909538745880127,7.036613941192627,0.4399999976158142,0.0,0.0,0.800447940826416,0.5994021892547607,frame_1767629288.591029.pkl
384,00:05:23,323.23863554000854,1767629289.4447143,5.851714134216309,7.224799156188965,0.4399999976158142,0.0,0.0,0.8078464269638062,0.589393138885498,frame_1767629289.4447143.pkl
385,00:05:24,324.1040403842926,1767629290.3101192,5.805405139923096,7.366255760192871,0.4399999976158142,0.0,0.0,0.8109655380249023,0.5850939154624939,frame_1767629290.3101192.pkl
386,00:05:24,324.9929118156433,1767629291.1989906,5.775704383850098,7.456025123596191,0.4399999976158142,0.0,0.0,0.8102006316184998,0.5861524343490601,frame_1767629291.1989906.pkl
387,00:05:25,325.80995535850525,1767629292.0160341,5.77058219909668,7.4716081619262695,0.4399999976158142,0.0,0.0,0.8098090291023254,0.5866934657096863,frame_1767629292.0160341.pkl
388,00:05:26,326.6855263710022,1767629292.8916051,5.725548267364502,7.611749649047852,0.4399999976158142,0.0,0.0,0.8062686920166016,0.5915496349334717,frame_1767629292.8916051.pkl
389,00:05:27,327.6307682991028,1767629293.836847,5.68324089050293,7.749053478240967,0.4399999976158142,0.0,0.0,0.8026995658874512,0.5963836312294006,frame_1767629293.836847.pkl
390,00:05:28,328.40465474128723,1767629294.6107335,5.68324089050293,7.749053478240967,0.4399999976158142,0.0,0.0,0.892399787902832,0.4512454867362976,frame_1767629294.6107335.pkl
391,00:05:29,329.25853395462036,1767629295.4646127,5.68324089050293,7.749053478240967,0.4399999976158142,0.0,0.0,0.9616291522979736,0.2743526101112366,frame_1767629295.4646127.pkl
392,00:05:30,330.0244793891907,1767629296.2305582,5.666149616241455,7.754988670349121,0.4399999976158142,0.0,0.0,0.9866131544113159,0.163077712059021,frame_1767629296.2305582.pkl
393,00:05:30,330.8434889316559,1767629297.0495677,5.527462005615234,7.795008182525635,0.4399999976158142,0.0,0.0,0.9929124116897583,0.11884813755750656,frame_1767629297.0495677.pkl
394,00:05:31,331.7377932071686,1767629297.943872,5.383551597595215,7.829638481140137,0.4399999976158142,0.0,0.0,0.9931635856628418,0.11673051863908768,frame_1767629297.943872.pkl
395,00:05:32,332.68938183784485,1767629298.8954606,5.365717887878418,7.833850860595703,0.4399999976158142,0.0,0.0,0.993422269821167,0.11450784653425217,frame_1767629298.8954606.pkl
396,00:05:33,333.48149728775024,1767629299.687576,5.223081588745117,7.864539623260498,0.4399999976158142,0.0,0.0,0.9953100681304932,0.09673556685447693,frame_1767629299.687576.pkl
397,00:05:34,334.312707901001,1767629300.5187867,5.07481050491333,7.8907575607299805,0.4399999976158142,0.0,0.0,0.9970262050628662,0.07706370204687119,frame_1767629300.5187867.pkl
398,00:05:35,335.12212014198303,1767629301.328199,4.990326881408691,7.9026384353637695,0.4399999976158142,0.0,0.0,0.9993021488189697,0.0373537540435791,frame_1767629301.328199.pkl
399,00:05:35,335.8520233631134,1767629302.0581021,4.990326881408691,7.9026384353637695,0.4399999976158142,0.0,0.0,0.9905429482460022,-0.13720300793647766,frame_1767629302.0581021.pkl
400,00:05:36,336.76762294769287,1767629302.9737017,4.990326881408691,7.9026384353637695,0.4399999976158142,0.0,0.0,0.9435392618179321,-0.33126094937324524,frame_1767629302.9737017.pkl
401,00:05:37,337.6665618419647,1767629303.8726406,4.990326881408691,7.9026384353637695,0.4399999976158142,0.0,0.0,0.9410281777381897,-0.33832815289497375,frame_1767629303.8726406.pkl
402,00:05:38,338.4935977458954,1767629304.6996765,4.990326881408691,7.9026384353637695,0.4399999976158142,0.0,0.0,-0.8418224453926086,0.5397542715072632,frame_1767629304.6996765.pkl
403,00:05:39,339.30655217170715,1767629305.512631,4.990326881408691,7.9026384353637695,0.4399999976158142,0.0,0.0,-0.7178065180778503,0.6962426900863647,frame_1767629305.512631.pkl
404,00:05:40,340.2037425041199,1767629306.4098213,4.990326881408691,7.9026384353637695,0.4399999976158142,0.0,0.0,-0.5506570339202881,0.8347316384315491,frame_1767629306.4098213.pkl
405,00:05:40,340.9579405784607,1767629307.1640193,4.990326881408691,7.9026384353637695,0.4399999976158142,0.0,0.0,-0.36688095331192017,0.9302679300308228,frame_1767629307.1640193.pkl
406,00:05:41,341.81348848342896,1767629308.0195673,4.990326881408691,7.9026384353637695,0.4399999976158142,0.0,0.0,-0.17861777544021606,0.9839185476303101,frame_1767629308.0195673.pkl
407,00:05:42,342.7533338069916,1767629308.9594126,4.990326881408691,7.9026384353637695,0.4399999976158142,0.0,0.0,-0.004860371351242065,0.9999881982803345,frame_1767629308.9594126.pkl
408,00:05:43,343.6762716770172,1767629309.8823504,5.006069660186768,7.9047017097473145,0.4399999976158142,0.0,0.0,0.0650739073753357,0.9978804588317871,frame_1767629309.8823504.pkl
409,00:05:44,344.60881900787354,1767629310.8148978,5.180201530456543,7.927245140075684,0.4399999976158142,0.0,0.0,0.05914175882935524,0.9982495903968811,frame_1767629310.8148978.pkl
410,00:05:45,345.5150954723358,1767629311.7211742,5.3513689041137695,7.9413557052612305,0.4399999976158142,0.0,0.0,0.02508339285850525,0.9996853470802307,frame_1767629311.7211742.pkl
411,00:05:46,346.34841442108154,1767629312.5544932,5.568167209625244,7.945361137390137,0.4399999976158142,0.0,0.0,-0.007189571857452393,0.9999741315841675,frame_1767629312.5544932.pkl
412,00:05:47,347.27987480163574,1767629313.4859536,5.756213665008545,7.937137603759766,0.4399999976158142,0.0,0.0,-0.03753730282187462,0.9992952346801758,frame_1767629313.4859536.pkl
413,00:05:48,348.10153222084045,1767629314.307611,5.886139869689941,7.923280715942383,0.4399999976158142,0.0,0.0,-0.06416387856006622,0.9979393482208252,frame_1767629314.307611.pkl
414,00:05:48,348.9733784198761,1767629315.1794572,6.091403484344482,7.896746635437012,0.4399999976158142,0.0,0.0,-0.06291142106056213,0.9980190992355347,frame_1767629315.1794572.pkl
415,00:05:49,349.7646551132202,1767629315.970734,6.24907112121582,7.878817558288574,0.4399999976158142,0.0,0.0,-0.049654241651296616,0.9987664818763733,frame_1767629315.970734.pkl
416,00:05:50,350.6324419975281,1767629316.8385208,6.493124008178711,7.860390663146973,0.4399999976158142,0.0,0.0,-0.024657752364873886,0.9996959567070007,frame_1767629316.8385208.pkl
417,00:05:51,351.5974063873291,1767629317.8034852,6.709343433380127,7.855500221252441,0.4399999976158142,0.0,0.0,0.00326654314994812,0.9999946355819702,frame_1767629317.8034852.pkl
418,00:05:52,352.5256142616272,1767629318.731693,6.834005832672119,7.859831809997559,0.4399999976158142,0.0,0.0,0.029163004830479622,0.9995746612548828,frame_1767629318.731693.pkl
419,00:05:53,353.473867893219,1767629319.6799467,7.051887512207031,7.874567985534668,0.4399999976158142,0.0,0.0,0.0374966561794281,0.9992967247962952,frame_1767629319.6799467.pkl
420,00:05:54,354.31325459480286,1767629320.5193334,7.198887348175049,7.885268688201904,0.4399999976158142,0.0,0.0,0.03430446982383728,0.999411404132843,frame_1767629320.5193334.pkl
421,00:05:55,355.40863132476807,1767629321.61471,7.457663059234619,7.898730754852295,0.4399999976158142,0.0,0.0,0.011540712788701057,0.9999334216117859,frame_1767629321.61471.pkl
422,00:05:56,356.24644112586975,1767629322.45252,7.457663059234619,7.898730754852295,0.4399999976158142,0.0,0.0,-0.13892894983291626,0.990302324295044,frame_1767629322.45252.pkl
423,00:05:57,357.1457929611206,1767629323.3518717,7.457663059234619,7.898730754852295,0.4399999976158142,0.0,0.0,-0.29499030113220215,0.9555002450942993,frame_1767629323.3518717.pkl
424,00:05:58,358.05000019073486,1767629324.256079,7.471875190734863,7.88773775100708,0.4399999976158142,0.0,0.0,-0.32442042231559753,0.9459129571914673,frame_1767629324.256079.pkl
425,00:05:58,358.99716329574585,1767629325.203242,7.669127941131592,7.7245988845825195,0.4399999976158142,0.0,0.0,-0.35192951560020447,0.9360265135765076,frame_1767629325.203242.pkl
426,00:05:59,359.8822271823883,1767629326.088306,7.8292388916015625,7.580557346343994,0.4399999976158142,0.0,0.0,-0.36422836780548096,0.931309700012207,frame_1767629326.088306.pkl
427,00:06:00,360.7761824131012,1767629326.9822612,7.936700820922852,7.480309963226318,0.4399999976158142,0.0,0.0,-0.3650321066379547,0.9309949278831482,frame_1767629326.9822612.pkl
428,00:06:01,361.5592007637024,1767629327.7652795,8.076165199279785,7.358983516693115,0.4399999976158142,0.0,0.0,-0.3335370719432831,0.9427369832992554,frame_1767629327.7652795.pkl
429,00:06:02,362.385302066803,1767629328.5913808,8.200078010559082,7.267673969268799,0.4399999976158142,0.0,0.0,-0.2861437499523163,0.958186686038971,frame_1767629328.5913808.pkl
430,00:06:03,363.17739057540894,1767629329.3834693,8.274389266967773,7.223759651184082,0.4399999976158142,0.0,0.0,-0.24422994256019592,0.9697173237800598,frame_1767629329.3834693.pkl
431,00:06:04,364.059278011322,1767629330.2653568,8.470261573791504,7.127281665802002,0.4399999976158142,0.0,0.0,-0.21045447885990143,0.9776036739349365,frame_1767629330.2653568.pkl
432,00:06:04,364.870055437088,1767629331.0761342,8.613372802734375,7.065276622772217,0.4399999976158142,0.0,0.0,-0.19834904372692108,0.9801314473152161,frame_1767629331.0761342.pkl
433,00:06:05,365.95996952056885,1767629332.1660483,8.885750770568848,6.9474687576293945,0.4399999976158142,0.0,0.0,-0.20813900232315063,0.9780992269515991,frame_1767629332.1660483.pkl
434,00:06:06,366.7665784358978,1767629332.9726572,9.069472312927246,6.861928462982178,0.4399999976158142,0.0,0.0,-0.2246176153421402,0.9744470119476318,frame_1767629332.9726572.pkl
435,00:06:07,367.6396131515503,1767629333.845692,9.277254104614258,6.755286693572998,0.4399999976158142,0.0,0.0,-0.2461187243461609,0.9692397117614746,frame_1767629333.845692.pkl
436,00:06:08,368.647842168808,1767629334.853921,9.441879272460938,6.6609039306640625,0.4399999976158142,0.0,0.0,-0.2685796320438385,0.9632574915885925,frame_1767629334.853921.pkl
437,00:06:09,369.60796189308167,1767629335.8140407,9.539603233337402,6.600176811218262,0.4399999976158142,0.0,0.0,-0.24181123077869415,0.9703233242034912,frame_1767629335.8140407.pkl
438,00:06:10,370.5303692817688,1767629336.736448,9.539603233337402,6.600176811218262,0.4399999976158142,0.0,0.0,-0.019231053069233894,0.999815046787262,frame_1767629336.736448.pkl
439,00:06:11,371.40433073043823,1767629337.6104095,9.539603233337402,6.600176811218262,0.4399999976158142,0.0,0.0,0.20432040095329285,0.9789040684700012,frame_1767629337.6104095.pkl
440,00:06:12,372.85962677001953,1767629339.0657055,9.539603233337402,6.600176811218262,0.4399999976158142,0.0,0.0,0.548669159412384,0.8360395431518555,frame_1767629339.0657055.pkl
441,00:06:13,373.9239013195038,1767629340.12998,9.539603233337402,6.600176811218262,0.4399999976158142,0.0,0.0,0.7322113513946533,0.6810773611068726,frame_1767629340.12998.pkl
442,00:06:14,374.7764790058136,1767629340.9825578,9.535964965820312,6.615911960601807,0.4399999976158142,0.0,0.0,0.7820248007774353,0.6232474446296692,frame_1767629340.9825578.pkl
443,00:06:15,375.56659603118896,1767629341.7726748,9.5067138671875,6.7558441162109375,0.4399999976158142,0.0,0.0,0.7675829529762268,0.6409498453140259,frame_1767629341.7726748.pkl
444,00:06:16,376.4287898540497,1767629342.6348686,9.489871978759766,6.881383895874023,0.4399999976158142,0.0,0.0,0.7331736087799072,0.680041491985321,frame_1767629342.6348686.pkl
445,00:06:17,377.2229597568512,1767629343.4290385,9.491517066955566,6.914417266845703,0.4399999976158142,0.0,0.0,0.6874274015426636,0.726253092288971,frame_1767629343.4290385.pkl
446,00:06:18,378.09822273254395,1767629344.3043015,9.506914138793945,7.101901531219482,0.4399999976158142,0.0,0.0,0.6674723625183105,0.7446345090866089,frame_1767629344.3043015.pkl
447,00:06:19,379.02287769317627,1767629345.2289565,9.536063194274902,7.347543716430664,0.4399999976158142,0.0,0.0,0.6616227030754089,0.7498369216918945,frame_1767629345.2289565.pkl
448,00:06:19,379.7963664531708,1767629346.0024452,9.553723335266113,7.492316246032715,0.4399999976158142,0.0,0.0,0.665525496006012,0.7463751435279846,frame_1767629346.0024452.pkl
449,00:06:20,380.6418390274048,1767629346.8479178,9.57271957397461,7.693553924560547,0.4399999976158142,0.0,0.0,0.6812440752983093,0.7320564389228821,frame_1767629346.8479178.pkl
450,00:06:21,381.6246643066406,1767629347.830743,9.581045150756836,7.88286018371582,0.4399999976158142,0.0,0.0,0.701631486415863,0.7125398516654968,frame_1767629347.830743.pkl
451,00:06:22,382.68758368492126,1767629348.8936625,9.576475143432617,8.047571182250977,0.4399999976158142,0.0,0.0,0.729485809803009,0.6839960217475891,frame_1767629348.8936625.pkl
452,00:06:23,383.62628650665283,1767629349.8323653,9.558441162109375,8.27371597290039,0.4399999976158142,0.0,0.0,0.7394821047782898,0.673176109790802,frame_1767629349.8323653.pkl
453,00:06:24,384.42415976524353,1767629350.6302385,9.545182228088379,8.417119979858398,0.4399999976158142,0.0,0.0,0.737935483455658,0.6748710870742798,frame_1767629350.6302385.pkl
454,00:06:25,385.2170090675354,1767629351.4230878,9.528441429138184,8.651166915893555,0.4399999976158142,0.0,0.0,0.7249417901039124,0.6888099908828735,frame_1767629351.4230878.pkl
455,00:06:26,386.10510516166687,1767629352.311184,9.522818565368652,8.836633682250977,0.4399999976158142,0.0,0.0,0.7093785405158997,0.704827606678009,frame_1767629352.311184.pkl
456,00:06:26,386.99459648132324,1767629353.2006752,9.522768020629883,8.970860481262207,0.4399999976158142,0.0,0.0,0.7070193290710449,0.7071942090988159,frame_1767629353.2006752.pkl
457,00:06:27,387.860568523407,1767629354.0666473,9.5227689743042,9.177255630493164,0.4399999976158142,0.0,0.0,0.7070106863975525,0.7072028517723083,frame_1767629354.0666473.pkl
458,00:06:28,388.8547637462616,1767629355.0608425,9.5227689743042,9.35881233215332,0.4399999976158142,0.0,0.0,0.7070229649543762,0.7071905732154846,frame_1767629355.0608425.pkl
459,00:06:29,389.78089213371277,1767629355.986971,9.5227689743042,9.460140228271484,0.4399999976158142,0.0,0.0,0.7070229649543762,0.7071905732154846,frame_1767629355.986971.pkl
460,00:06:30,390.6013970375061,1767629356.8074758,9.522769927978516,9.481348037719727,0.4399999976158142,0.0,0.0,0.7070215940475464,0.7071919441223145,frame_1767629356.8074758.pkl
461,00:06:31,391.5105755329132,1767629357.7166543,9.522769927978516,9.670942306518555,0.4399999976158142,0.0,0.0,0.7070183157920837,0.7071952223777771,frame_1767629357.7166543.pkl
462,00:06:32,392.44925236701965,1767629358.6553311,9.522770881652832,9.8637113571167,0.4399999976158142,0.0,0.0,0.7069711685180664,0.7072423696517944,frame_1767629358.6553311.pkl
463,00:06:33,393.45876932144165,1767629359.664848,9.522769927978516,9.979568481445312,0.4399999976158142,0.0,0.0,0.7153366804122925,0.6987799406051636,frame_1767629359.664848.pkl
464,00:06:34,394.300576210022,1767629360.506655,9.522769927978516,9.979568481445312,0.4399999976158142,0.0,0.0,0.7644705176353455,0.6446586847305298,frame_1767629360.506655.pkl
465,00:06:35,395.0952799320221,1767629361.3013587,9.522769927978516,9.979568481445312,0.4399999976158142,0.0,0.0,0.8146054744720459,0.5800154209136963,frame_1767629361.3013587.pkl
466,00:06:35,395.90878653526306,1767629362.1148653,9.518421173095703,9.988849639892578,0.4399999976158142,0.0,0.0,0.8444135785102844,0.5356917977333069,frame_1767629362.1148653.pkl
467,00:06:36,396.7688446044922,1767629362.9749234,9.449546813964844,10.125920295715332,0.4399999976158142,0.0,0.0,0.8568393588066101,0.5155833959579468,frame_1767629362.9749234.pkl
468,00:06:37,397.6063303947449,1767629363.8124092,9.37402629852295,10.267643928527832,0.4399999976158142,0.0,0.0,0.8580324649810791,0.5135953426361084,frame_1767629363.8124092.pkl
469,00:06:38,398.5122356414795,1767629364.7183144,9.26180362701416,10.474871635437012,0.4399999976158142,0.0,0.0,0.8603112101554871,0.5097693800926208,frame_1767629364.7183144.pkl
470,00:06:39,399.4704520702362,1767629365.6765308,9.164505958557129,10.65056037902832,0.4399999976158142,0.0,0.0,0.8629019260406494,0.5053713321685791,frame_1767629365.6765308.pkl
471,00:06:40,400.4588580131531,1767629366.6649368,9.099438667297363,10.764917373657227,0.4399999976158142,0.0,0.0,0.8660499453544617,0.499957412481308,frame_1767629366.6649368.pkl
472,00:06:41,401.5989305973053,1767629367.8050094,8.984986305236816,10.958105087280273,0.4399999976158142,0.0,0.0,0.8716793060302734,0.4900767505168915,frame_1767629367.8050094.pkl
473,00:06:42,402.4411964416504,1767629368.6472752,8.90656566619873,11.084403991699219,0.4399999976158142,0.0,0.0,0.8758333921432495,0.4826134145259857,frame_1767629368.6472752.pkl
474,00:06:43,403.40463042259216,1767629369.6107092,8.782341003417969,11.278913497924805,0.4399999976158142,0.0,0.0,0.8781204223632812,0.478439599275589,frame_1767629369.6107092.pkl
475,00:06:44,404.4360432624817,1767629370.642122,8.687089920043945,11.426046371459961,0.4399999976158142,0.0,0.0,0.8787969350814819,0.4771959185600281,frame_1767629370.642122.pkl
476,00:06:45,405.3817300796509,1767629371.5878088,8.625157356262207,11.521504402160645,0.4399999976158142,0.0,0.0,0.866411030292511,0.499331533908844,frame_1767629371.5878088.pkl
477,00:06:46,406.1590292453766,1767629372.365108,8.625157356262207,11.521504402160645,0.4399999976158142,0.0,0.0,0.7499376535415649,0.6615085005760193,frame_1767629372.365108.pkl
478,00:06:47,407.22548270225525,1767629373.4315615,8.625157356262207,11.521504402160645,0.4399999976158142,0.0,0.0,0.5644221305847168,0.8254863023757935,frame_1767629373.4315615.pkl
479,00:06:48,408.05471110343933,1767629374.2607899,8.625157356262207,11.521504402160645,0.4399999976158142,0.0,0.0,0.4807131290435791,0.8768779039382935,frame_1767629374.2607899.pkl
480,00:06:48,408.8755416870117,1767629375.0816205,8.625157356262207,11.521504402160645,0.4399999976158142,0.0,0.0,0.4807131290435791,0.8768779039382935,frame_1767629375.0816205.pkl
481,00:06:49,409.71564173698425,1767629375.9217205,8.625157356262207,11.521504402160645,0.4399999976158142,0.0,0.0,0.4807131290435791,0.8768779039382935,frame_1767629375.9217205.pkl
482,00:06:50,410.64747858047485,1767629376.8535573,8.625157356262207,11.521504402160645,0.4399999976158142,0.0,0.0,0.4807131290435791,0.8768779039382935,frame_1767629376.8535573.pkl
483,00:06:51,411.52334570884705,1767629377.7294245,8.625157356262207,11.521504402160645,0.4399999976158142,0.0,0.0,0.4807131290435791,0.8768779039382935,frame_1767629377.7294245.pkl
484,00:06:52,412.32426381111145,1767629378.5303426,8.625157356262207,11.521504402160645,0.4399999976158142,0.0,0.0,0.4807131290435791,0.8768779039382935,frame_1767629378.5303426.pkl
485,00:06:53,413.19299364089966,1767629379.3990724,8.625157356262207,11.521504402160645,0.4399999976158142,0.0,0.0,0.4807131290435791,0.8768779039382935,frame_1767629379.3990724.pkl
486,00:06:54,414.1147129535675,1767629380.3207917,8.625157356262207,11.521504402160645,0.4399999976158142,0.0,0.0,0.4807131290435791,0.8768779039382935,frame_1767629380.3207917.pkl
487,00:06:54,414.93540263175964,1767629381.1414814,8.625157356262207,11.521504402160645,0.4399999976158142,0.0,0.0,0.4807131290435791,0.8768779039382935,frame_1767629381.1414814.pkl
488,00:06:55,415.85799646377563,1767629382.0640752,8.625157356262207,11.521504402160645,0.4399999976158142,0.0,0.0,0.4807131290435791,0.8768779039382935,frame_1767629382.0640752.pkl
489,00:06:56,416.7511250972748,1767629382.9572039,8.625157356262207,11.521504402160645,0.4399999976158142,0.0,0.0,0.4807131290435791,0.8768779039382935,frame_1767629382.9572039.pkl
490,00:06:57,417.58398938179016,1767629383.7900681,8.625157356262207,11.521504402160645,0.4399999976158142,0.0,0.0,0.4807131290435791,0.8768779039382935,frame_1767629383.7900681.pkl
491,00:06:58,418.481867313385,1767629384.687946,8.625157356262207,11.521504402160645,0.4399999976158142,0.0,0.0,0.4807131290435791,0.8768779039382935,frame_1767629384.687946.pkl
492,00:06:59,419.3429470062256,1767629385.5490258,8.625157356262207,11.521504402160645,0.4399999976158142,0.0,0.0,0.49598419666290283,0.8683315515518188,frame_1767629385.5490258.pkl
493,00:07:00,420.10912251472473,1767629386.3152013,8.625157356262207,11.521504402160645,0.4399999976158142,0.0,0.0,0.6586088538169861,0.7524853944778442,frame_1767629386.3152013.pkl
494,00:07:00,420.9004330635071,1767629387.1065118,8.625157356262207,11.521504402160645,0.4399999976158142,0.0,0.0,0.7902460098266602,0.6127896904945374,frame_1767629387.1065118.pkl
495,00:07:01,421.71486377716064,1767629387.9209425,8.625157356262207,11.521504402160645,0.4399999976158142,0.0,0.0,0.8645715117454529,0.5025094747543335,frame_1767629387.9209425.pkl
496,00:07:02,422.4889807701111,1767629388.6950595,8.63143539428711,11.51291275024414,0.4399999976158142,0.0,0.0,0.8916950225830078,0.45263680815696716,frame_1767629388.6950595.pkl
497,00:07:03,423.40681076049805,1767629389.6128895,8.736541748046875,11.370776176452637,0.4399999976158142,0.0,0.0,0.8927758932113647,0.4505012035369873,frame_1767629389.6128895.pkl
498,00:07:04,424.22124457359314,1767629390.4273233,8.822093963623047,11.250981330871582,0.4399999976158142,0.0,0.0,0.8855070471763611,0.46462589502334595,frame_1767629390.4273233.pkl
499,00:07:05,425.2768409252167,1767629391.4829197,8.980223655700684,11.007919311523438,0.4399999976158142,0.0,0.0,0.8721046447753906,0.48931944370269775,frame_1767629391.4829197.pkl
500,00:07:06,426.11668825149536,1767629392.322767,9.058027267456055,10.875601768493652,0.4399999976158142,0.0,0.0,0.8637332916259766,0.5039495825767517,frame_1767629392.322767.pkl
501,00:07:06,426.9380912780762,1767629393.14417,9.058027267456055,10.875601768493652,0.4399999976158142,0.0,0.0,0.8637332916259766,0.5039495825767517,frame_1767629393.14417.pkl
502,00:07:07,427.8123359680176,1767629394.0184147,9.058027267456055,10.875601768493652,0.4399999976158142,0.0,0.0,0.8460452556610107,0.5331112742424011,frame_1767629394.0184147.pkl
503,00:07:08,428.85636162757874,1767629395.0624404,9.058027267456055,10.875601768493652,0.4399999976158142,0.0,0.0,0.7150508165359497,0.699072539806366,frame_1767629395.0624404.pkl
504,00:07:09,429.7982180118561,1767629396.0042968,9.058027267456055,10.875601768493652,0.4399999976158142,0.0,0.0,0.57986980676651,0.8147091865539551,frame_1767629396.0042968.pkl
505,00:07:10,430.7340564727783,1767629396.9401352,9.062358856201172,10.883817672729492,0.4399999976158142,0.0,0.0,0.5164752006530762,0.8563021421432495,frame_1767629396.9401352.pkl
506,00:07:11,431.61759543418884,1767629397.8236742,9.127365112304688,11.006804466247559,0.4399999976158142,0.0,0.0,0.5175876617431641,0.8556301593780518,frame_1767629397.8236742.pkl
507,00:07:12,432.52525544166565,1767629398.7313342,9.190754890441895,11.139026641845703,0.4399999976158142,0.0,0.0,0.5465761423110962,0.8374094367027283,frame_1767629398.7313342.pkl
508,00:07:13,433.4747745990753,1767629399.6808534,9.277040481567383,11.357172012329102,0.4399999976158142,0.0,0.0,0.578032910823822,0.8160134553909302,frame_1767629399.6808534.pkl
509,00:07:14,434.3626928329468,1767629400.5687716,9.333555221557617,11.53503131866455,0.4399999976158142,0.0,0.0,0.6039339900016785,0.7970343232154846,frame_1767629400.5687716.pkl
510,00:07:15,435.3080985546112,1767629401.5141773,9.360801696777344,11.644659996032715,0.4399999976158142,0.0,0.0,0.623575747013092,0.7817628979682922,frame_1767629401.5141773.pkl
511,00:07:16,436.1595723628998,1767629402.3656511,9.396430969238281,11.798800468444824,0.4399999976158142,0.0,0.0,0.6202747225761414,0.7843846082687378,frame_1767629402.3656511.pkl
512,00:07:17,437.1903645992279,1767629403.3964434,9.447385787963867,11.992826461791992,0.4399999976158142,0.0,0.0,0.6010437607765198,0.799216091632843,frame_1767629403.3964434.pkl
513,00:07:18,438.11935091018677,1767629404.3254297,9.513010025024414,12.200183868408203,0.4399999976158142,0.0,0.0,0.5796553492546082,0.8148617744445801,frame_1767629404.3254297.pkl
514,00:07:19,439.22817945480347,1767629405.4342582,9.578502655029297,12.372941970825195,0.4399999976158142,0.0,0.0,0.556246817111969,0.8310170769691467,frame_1767629405.4342582.pkl
515,00:07:20,440.16421842575073,1767629406.3702972,9.629234313964844,12.489500045776367,0.4399999976158142,0.0,0.0,0.5397932529449463,0.8417975902557373,frame_1767629406.3702972.pkl
516,00:07:21,441.1150803565979,1767629407.3211591,9.637506484985352,12.507450103759766,0.4399999976158142,0.0,0.0,0.5386027097702026,0.8425598740577698,frame_1767629407.3211591.pkl
517,00:07:22,442.1509282588959,1767629408.357007,9.698928833007812,12.636804580688477,0.4399999976158142,0.0,0.0,0.5308610796928406,0.8474588394165039,frame_1767629408.357007.pkl
518,00:07:23,443.1265604496002,1767629409.3326392,9.752079963684082,12.748031616210938,0.4399999976158142,0.0,0.0,0.5358098745346069,0.8443386554718018,frame_1767629409.3326392.pkl
519,00:07:24,444.047101020813,1767629410.2531798,9.752079963684082,12.748031616210938,0.4399999976158142,0.0,0.0,0.5439633727073669,0.839108943939209,frame_1767629410.2531798.pkl
520,00:07:25,445.04574847221375,1767629411.2518272,9.752079963684082,12.748031616210938,0.4399999976158142,0.0,0.0,0.6307021379470825,0.7760249376296997,frame_1767629411.2518272.pkl
521,00:07:25,445.95337176322937,1767629412.1594505,9.752317428588867,12.764339447021484,0.4399999976158142,0.0,0.0,0.7037204504013062,0.7104770541191101,frame_1767629412.1594505.pkl
522,00:07:26,446.8673689365387,1767629413.0734477,9.745403289794922,12.944740295410156,0.4399999976158142,0.0,0.0,0.7344117760658264,0.6787040829658508,frame_1767629413.0734477.pkl
523,00:07:27,447.80985140800476,1767629414.0159302,9.730667114257812,13.131692886352539,0.4399999976158142,0.0,0.0,0.7326920032501221,0.6805603504180908,frame_1767629414.0159302.pkl
524,00:07:28,448.70859718322754,1767629414.914676,9.716964721679688,13.408827781677246,0.4399999976158142,0.0,0.0,0.7145100831985474,0.6996251940727234,frame_1767629414.914676.pkl
525,00:07:29,449.64579606056213,1767629415.8518748,9.718294143676758,13.598567008972168,0.4399999976158142,0.0,0.0,0.6944373846054077,0.7195532321929932,frame_1767629415.8518748.pkl
526,00:07:30,450.58640027046204,1767629416.792479,9.718294143676758,13.598567008972168,0.4399999976158142,0.0,0.0,0.6944373846054077,0.7195532321929932,frame_1767629416.792479.pkl
527,00:07:31,451.51864790916443,1767629417.7247267,9.718708992004395,13.610101699829102,0.4399999976158142,0.0,0.0,0.6941155195236206,0.7198635935783386,frame_1767629417.7247267.pkl
528,00:07:32,452.45814847946167,1767629418.6642272,9.73054313659668,13.865384101867676,0.4399999976158142,0.0,0.0,0.6868563890457153,0.7267931699752808,frame_1767629418.6642272.pkl
529,00:07:33,453.248468875885,1767629419.4545476,9.740948677062988,14.030396461486816,0.4399999976158142,0.0,0.0,0.6820560693740845,0.731299877166748,frame_1767629419.4545476.pkl
530,00:07:34,454.16790318489075,1767629420.373982,9.74194049835205,14.044572830200195,0.4399999976158142,0.0,0.0,0.6818689703941345,0.7314742803573608,frame_1767629420.373982.pkl
531,00:07:35,455.0504312515259,1767629421.25651,9.753384590148926,14.201170921325684,0.4399999976158142,0.0,0.0,0.6798208951950073,0.7333781719207764,frame_1767629421.25651.pkl
532,00:07:36,456.0585322380066,1767629422.264611,9.767372131347656,14.378443717956543,0.4399999976158142,0.0,0.0,0.6785927414894104,0.7345147728919983,frame_1767629422.264611.pkl
533,00:07:36,456.9301106929779,1767629423.1361895,9.782817840576172,14.60011100769043,0.4399999976158142,0.0,0.0,0.6860869526863098,0.7275195717811584,frame_1767629423.1361895.pkl
534,00:07:37,457.8992598056793,1767629424.1053386,9.791186332702637,14.802309036254883,0.4399999976158142,0.0,0.0,0.6990327835083008,0.715089738368988,frame_1767629424.1053386.pkl
535,00:07:39,459.0032653808594,1767629425.2093441,9.792320251464844,15.002995491027832,0.4399999976158142,0.0,0.0,0.7073001265525818,0.706913411617279,frame_1767629425.2093441.pkl
536,00:07:40,460.0169942378998,1767629426.223073,9.792256355285645,15.19029426574707,0.4399999976158142,0.0,0.0,0.7090973258018494,0.7051106095314026,frame_1767629426.223073.pkl
537,00:07:40,460.93408393859863,1767629427.1401627,9.782548904418945,15.465384483337402,0.4399999976158142,0.0,0.0,0.7309241890907288,0.6824585795402527,frame_1767629427.1401627.pkl
538,00:07:41,461.90462493896484,1767629428.1107037,9.759061813354492,15.681166648864746,0.4399999976158142,0.0,0.0,0.7579622268676758,0.6522983908653259,frame_1767629428.1107037.pkl
539,00:07:42,462.77094745635986,1767629428.9770262,9.71631908416748,15.899964332580566,0.4399999976158142,0.0,0.0,0.7866296768188477,0.617425262928009,frame_1767629428.9770262.pkl
540,00:07:43,463.6685781478882,1767629429.874657,9.670135498046875,16.058040618896484,0.4399999976158142,0.0,0.0,0.8117324709892273,0.5840295553207397,frame_1767629429.874657.pkl
541,00:07:44,464.591285943985,1767629430.7973647,9.596056938171387,16.26268768310547,0.4399999976158142,0.0,0.0,0.8255957365036011,0.5642622113227844,frame_1767629430.7973647.pkl
542,00:07:45,465.65931844711304,1767629431.8653972,9.592529296875,16.271690368652344,0.4399999976158142,0.0,0.0,0.8267059326171875,0.5626339316368103,frame_1767629431.8653972.pkl
543,00:07:46,466.5799136161804,1767629432.7859924,9.545610427856445,16.382665634155273,0.4399999976158142,0.0,0.0,0.8403077125549316,0.542109489440918,frame_1767629432.7859924.pkl
544,00:07:47,467.605997800827,1767629433.8120766,9.494546890258789,16.488590240478516,0.4399999976158142,0.0,0.0,0.8539989590644836,0.5202746987342834,frame_1767629433.8120766.pkl
545,00:07:48,468.4606029987335,1767629434.6666818,9.442773818969727,16.579147338867188,0.4399999976158142,0.0,0.0,0.8911465406417847,0.45371565222740173,frame_1767629434.6666818.pkl
546,00:07:49,469.41221499443054,1767629435.6182938,9.442773818969727,16.579147338867188,0.4399999976158142,0.0,0.0,0.9591733813285828,0.28281858563423157,frame_1767629435.6182938.pkl
547,00:07:50,470.5388922691345,1767629436.744971,9.442773818969727,16.579147338867188,0.4399999976158142,0.0,0.0,0.9969794750213623,0.07766538858413696,frame_1767629436.744971.pkl
548,00:07:51,471.4664442539215,1767629437.672523,9.442773818969727,16.579147338867188,0.4399999976158142,0.0,0.0,0.9969794750213623,0.07766538858413696,frame_1767629437.672523.pkl
549,00:07:52,472.439266204834,1767629438.645345,9.442773818969727,16.579147338867188,0.4399999976158142,0.0,0.0,0.9969794750213623,0.07766538858413696,frame_1767629438.645345.pkl
550,00:07:53,473.2661111354828,1767629439.47219,9.42798900604248,16.58147430419922,0.4399999976158142,0.0,0.0,0.9969346523284912,0.07823848724365234,frame_1767629439.47219.pkl
551,00:07:54,474.1512715816498,1767629440.3573503,9.29543399810791,16.603099822998047,0.4399999976158142,0.0,0.0,0.9965171813964844,0.08338800072669983,frame_1767629440.3573503.pkl
552,00:07:54,474.987024307251,1767629441.193103,9.164630889892578,16.62582778930664,0.4399999976158142,0.0,0.0,0.9962096214294434,0.08698514848947525,frame_1767629441.193103.pkl
553,00:07:55,475.91460132598877,1767629442.12068,8.975460052490234,16.65547752380371,0.4399999976158142,0.0,0.0,0.9977543354034424,0.06697952747344971,frame_1767629442.12068.pkl
554,00:07:56,476.82239031791687,1767629443.028469,8.850337028503418,16.66932487487793,0.4399999976158142,0.0,0.0,0.9994847774505615,0.0320950448513031,frame_1767629443.028469.pkl
555,00:07:57,477.6564517021179,1767629443.8625305,8.850337028503418,16.66932487487793,0.4399999976158142,0.0,0.0,0.999564528465271,-0.029507339000701904,frame_1767629443.8625305.pkl
556,00:07:58,478.5402715206146,1767629444.7463503,8.831778526306152,16.6657657623291,0.4399999976158142,0.0,0.0,0.9953057765960693,-0.09677994251251221,frame_1767629444.7463503.pkl
557,00:07:59,479.5342905521393,1767629445.7403693,8.614398956298828,16.612382888793945,0.4399999976158142,0.0,0.0,0.9900200366973877,-0.1409265697002411,frame_1767629445.7403693.pkl
558,00:08:00,480.41545057296753,1767629446.6215293,8.447612762451172,16.56218719482422,0.4399999976158142,0.0,0.0,0.9888613224029541,-0.14883965253829956,frame_1767629446.6215293.pkl
559,00:08:01,481.2896132469177,1767629447.495692,8.333911895751953,16.528518676757812,0.4399999976158142,0.0,0.0,0.990414559841156,-0.1381271779537201,frame_1767629447.495692.pkl
560,00:08:02,482.22724056243896,1767629448.4333193,8.112777709960938,16.470075607299805,0.4399999976158142,0.0,0.0,0.9928842782974243,-0.11908310651779175,frame_1767629448.4333193.pkl
561,00:08:03,483.0668456554413,1767629449.2729244,7.936579704284668,16.43026351928711,0.4399999976158142,0.0,0.0,0.9945650696754456,-0.10411632806062698,frame_1767629449.2729244.pkl
562,00:08:03,483.9388415813446,1767629450.1449203,7.702427387237549,16.38221549987793,0.4399999976158142,0.0,0.0,0.995177686214447,-0.09808820486068726,frame_1767629450.1449203.pkl
563,00:08:04,484.88731265068054,1767629451.0933914,7.506170749664307,16.343339920043945,0.4399999976158142,0.0,0.0,0.9952704906463623,-0.09714257717132568,frame_1767629451.0933914.pkl
564,00:08:05,485.84931349754333,1767629452.0553923,7.490492343902588,16.34027671813965,0.4399999976158142,0.0,0.0,0.9954460263252258,-0.09532684087753296,frame_1767629452.0553923.pkl
565,00:08:06,486.8185918331146,1767629453.0246706,7.334141731262207,16.312955856323242,0.4399999976158142,0.0,0.0,0.9970166683197021,-0.07718682289123535,frame_1767629453.0246706.pkl
566,00:08:07,487.61314868927,1767629453.8192275,7.203567028045654,16.29461669921875,0.4399999976158142,0.0,0.0,0.9979746341705322,-0.06361331790685654,frame_1767629453.8192275.pkl
567,00:08:08,488.51910877227783,1767629454.7251875,6.981857776641846,16.26799964904785,0.4399999976158142,0.0,0.0,0.9984358549118042,-0.05591035261750221,frame_1767629454.7251875.pkl
568,00:08:09,489.4428942203522,1767629455.648973,6.795119762420654,16.24742317199707,0.4399999976158142,0.0,0.0,0.9985269904136658,-0.05425653234124184,frame_1767629455.648973.pkl
569,00:08:10,490.42942333221436,1767629456.635502,6.535800933837891,16.218189239501953,0.4399999976158142,0.0,0.0,0.9982954263687134,-0.058363527059555054,frame_1767629456.635502.pkl
570,00:08:11,491.3301954269409,1767629457.5362742,6.3616132736206055,16.196842193603516,0.4399999976158142,0.0,0.0,0.9978467226028442,-0.06559005379676819,frame_1767629457.5362742.pkl
571,00:08:12,492.25136613845825,1767629458.457445,6.251070976257324,16.180221557617188,0.4399999976158142,0.0,0.0,0.9956053495407104,-0.09364846348762512,frame_1767629458.457445.pkl
572,00:08:13,493.16999316215515,1767629459.376072,6.251070976257324,16.180221557617188,0.4399999976158142,0.0,0.0,0.9876232147216797,-0.15684464573860168,frame_1767629459.376072.pkl
573,00:08:14,494.0016407966614,1767629460.2077196,6.251070976257324,16.180221557617188,0.4399999976158142,0.0,0.0,0.9876232147216797,-0.15684464573860168,frame_1767629460.2077196.pkl
574,00:08:14,494.9175350666046,1767629461.1236138,6.048497200012207,16.101322174072266,0.4399999976158142,0.0,0.0,0.9770920276641846,-0.21281757950782776,frame_1767629461.1236138.pkl
575,00:08:15,495.7264289855957,1767629461.9325078,5.920816898345947,16.03713607788086,0.4399999976158142,0.0,0.0,0.9684426784515381,-0.24923652410507202,frame_1767629461.9325078.pkl
576,00:08:16,496.56529331207275,1767629462.771372,5.820666790008545,15.975796699523926,0.4399999976158142,0.0,0.0,0.9534682035446167,-0.30149367451667786,frame_1767629462.771372.pkl
577,00:08:17,497.4463267326355,1767629463.6524055,5.820666790008545,15.975796699523926,0.4399999976158142,0.0,0.0,0.8732405304908752,-0.4872893989086151,frame_1767629463.6524055.pkl
578,00:08:18,498.59921002388,1767629464.8052888,5.820666790008545,15.975796699523926,0.4399999976158142,0.0,0.0,-0.7382596135139465,0.6745166778564453,frame_1767629464.8052888.pkl
579,00:08:19,499.4884583950043,1767629465.6945372,5.820666790008545,15.975796699523926,0.4399999976158142,0.0,0.0,-0.7382596135139465,0.6745166778564453,frame_1767629465.6945372.pkl
580,00:08:22,502.30271911621094,1767629468.508798,5.820666790008545,15.975796699523926,0.4399999976158142,0.0,0.0,-0.7382596135139465,0.6745166778564453,frame_1767629468.508798.pkl
581,00:08:23,503.17324209213257,1767629469.3793209,5.820666790008545,15.975796699523926,0.4399999976158142,0.0,0.0,-0.5337173342704773,0.8456629514694214,frame_1767629469.3793209.pkl
582,00:08:23,503.9601867198944,1767629470.1662655,5.820666790008545,15.975796699523926,0.4399999976158142,0.0,0.0,-0.35507357120513916,0.9348383545875549,frame_1767629470.1662655.pkl
583,00:08:24,504.81059765815735,1767629471.0166764,5.820666790008545,15.975796699523926,0.4399999976158142,0.0,0.0,-0.13755153119564056,0.9904946088790894,frame_1767629471.0166764.pkl
584,00:08:25,505.65560030937195,1767629471.861679,5.820666790008545,15.975796699523926,0.4399999976158142,0.0,0.0,0.0812251940369606,0.9966957569122314,frame_1767629471.861679.pkl
585,00:08:26,506.67689323425293,1767629472.882972,5.829456329345703,15.980754852294922,0.4399999976158142,0.0,0.0,0.25624701380729675,0.9666113257408142,frame_1767629472.882972.pkl
586,00:08:27,507.67817091941833,1767629473.8842497,5.961706638336182,16.06768798828125,0.4399999976158142,0.0,0.0,0.30902305245399475,0.9510545134544373,frame_1767629473.8842497.pkl
587,00:08:28,508.6379542350769,1767629474.844033,6.085920810699463,16.153358459472656,0.4399999976158142,0.0,0.0,0.28350308537483215,0.9589713215827942,frame_1767629474.844033.pkl
588,00:08:29,509.50812554359436,1767629475.7142043,6.2592010498046875,16.253353118896484,0.4399999976158142,0.0,0.0,0.23158027231693268,0.9728158116340637,frame_1767629475.7142043.pkl
589,00:08:30,510.4522080421448,1767629476.6582868,6.397453784942627,16.313953399658203,0.4399999976158142,0.0,0.0,0.16773030161857605,0.985832929611206,frame_1767629476.6582868.pkl
590,00:08:31,511.25102710723877,1767629477.4571059,6.4157562255859375,16.318029403686523,0.4399999976158142,0.0,0.0,0.10663282126188278,0.9942984580993652,frame_1767629477.4571059.pkl
591,00:08:32,512.1161844730377,1767629478.3222632,6.634848594665527,16.35251235961914,0.4399999976158142,0.0,0.0,0.05137256160378456,0.998679518699646,frame_1767629478.3222632.pkl
592,00:08:32,512.9442946910858,1767629479.1503735,6.821789741516113,16.36688995361328,0.4399999976158142,0.0,0.0,0.02545371651649475,0.999675989151001,frame_1767629479.1503735.pkl
593,00:08:33,513.8496587276459,1767629480.0557375,6.986114978790283,16.37288475036621,0.4399999976158142,0.0,0.0,0.015846222639083862,0.9998744130134583,frame_1767629480.0557375.pkl
594,00:08:34,514.6397802829742,1767629480.845859,7.190127372741699,16.381502151489258,0.4399999976158142,0.0,0.0,0.027483999729156494,0.9996222257614136,frame_1767629480.845859.pkl
595,00:08:35,515.5745770931244,1767629481.7806559,7.382600784301758,16.396474838256836,0.4399999976158142,0.0,0.0,0.05174204707145691,0.9986605048179626,frame_1767629481.7806559.pkl
596,00:08:36,516.4995186328888,1767629482.7055974,7.5161848068237305,16.41476821899414,0.4399999976158142,0.0,0.0,0.0811629593372345,0.9967008829116821,frame_1767629482.7055974.pkl
597,00:08:37,517.4653024673462,1767629483.6713812,7.762644290924072,16.459897994995117,0.4399999976158142,0.0,0.0,0.09884264320135117,0.9951030611991882,frame_1767629483.6713812.pkl
598,00:08:38,518.3963959217072,1767629484.6024747,7.9564313888549805,16.50019645690918,0.4399999976158142,0.0,0.0,0.10417893528938293,0.994558572769165,frame_1767629484.6024747.pkl
599,00:08:39,519.2377817630768,1767629485.4438605,8.197881698608398,16.549278259277344,0.4399999976158142,0.0,0.0,0.09509389102458954,0.9954683184623718,frame_1767629485.4438605.pkl
600,00:08:40,520.1545786857605,1767629486.3606575,8.394405364990234,16.584056854248047,0.4399999976158142,0.0,0.0,0.07849359512329102,0.9969146251678467,frame_1767629486.3606575.pkl
601,00:08:41,521.1178359985352,1767629487.3239148,8.516929626464844,16.60050392150879,0.4399999976158142,0.0,0.0,0.05658990517258644,0.9983974695205688,frame_1767629487.3239148.pkl
602,00:08:41,521.9657182693481,1767629488.171797,8.71821403503418,16.621227264404297,0.4399999976158142,0.0,0.0,0.04630601033568382,0.9989272952079773,frame_1767629488.171797.pkl
603,00:08:42,522.8172123432159,1767629489.023291,8.884729385375977,16.636268615722656,0.4399999976158142,0.0,0.0,0.043262779712677,0.9990637302398682,frame_1767629489.023291.pkl
604,00:08:43,523.6730208396912,1767629489.8790996,9.11497688293457,16.653606414794922,0.4399999976158142,0.0,0.0,0.031238466501235962,0.9995119571685791,frame_1767629489.8790996.pkl
605,00:08:44,524.4796183109283,1767629490.685697,9.247456550598145,16.660472869873047,0.4399999976158142,0.0,0.0,-0.000843048095703125,0.9999996423721313,frame_1767629490.685697.pkl
606,00:08:45,525.3263776302338,1767629491.5324564,9.247456550598145,16.660472869873047,0.4399999976158142,0.0,0.0,-0.14047428965568542,0.9900843501091003,frame_1767629491.5324564.pkl
607,00:08:46,526.3072128295898,1767629492.5132916,9.247456550598145,16.660472869873047,0.4399999976158142,0.0,0.0,-0.3103240430355072,0.9506308436393738,frame_1767629492.5132916.pkl
608,00:08:47,527.1566727161407,1767629493.3627515,9.258726119995117,16.648704528808594,0.4399999976158142,0.0,0.0,-0.3937233090400696,0.9192289710044861,frame_1767629493.3627515.pkl
609,00:08:48,528.070540189743,1767629494.276619,9.357588768005371,16.54098892211914,0.4399999976158142,0.0,0.0,-0.40849781036376953,0.9127593040466309,frame_1767629494.276619.pkl
610,00:08:48,528.9998528957367,1767629495.2059317,9.472389221191406,16.418201446533203,0.4399999976158142,0.0,0.0,-0.3984757959842682,0.9171788692474365,frame_1767629495.2059317.pkl
611,00:08:49,529.8912515640259,1767629496.0973303,9.586409568786621,16.283885955810547,0.4399999976158142,0.0,0.0,-0.4535824656486511,0.8912142515182495,frame_1767629496.0973303.pkl
612,00:08:50,530.8084228038788,1767629497.0145016,9.586409568786621,16.283885955810547,0.4399999976158142,0.0,0.0,-0.5282313823699951,0.8491004705429077,frame_1767629497.0145016.pkl
613,00:08:51,531.7595584392548,1767629497.9656372,9.586409568786621,16.283885955810547,0.4399999976158142,0.0,0.0,-0.6183329224586487,0.785916268825531,frame_1767629497.9656372.pkl
614,00:08:52,532.8038547039032,1767629499.0099335,9.588891983032227,16.258262634277344,0.4399999976158142,0.0,0.0,-0.6727390289306641,0.739879846572876,frame_1767629499.0099335.pkl
615,00:08:53,533.9557299613953,1767629500.1618087,9.612866401672363,15.951651573181152,0.4399999976158142,0.0,0.0,-0.682013750076294,0.7313394546508789,frame_1767629500.1618087.pkl
616,00:08:54,534.8712432384491,1767629501.077322,9.631088256835938,15.745426177978516,0.4399999976158142,0.0,0.0,-0.6646184325218201,0.7471829652786255,frame_1767629501.077322.pkl
617,00:08:55,535.8320071697235,1767629502.038086,9.648415565490723,15.636480331420898,0.4399999976158142,0.0,0.0,-0.6344570517539978,0.7729580998420715,frame_1767629502.038086.pkl
618,00:08:56,536.8698260784149,1767629503.0759048,9.699745178222656,15.424030303955078,0.4399999976158142,0.0,0.0,-0.6024117469787598,0.7981855273246765,frame_1767629503.0759048.pkl
619,00:08:57,537.8363139629364,1767629504.0423927,9.744699478149414,15.279118537902832,0.4399999976158142,0.0,0.0,-0.5881565809249878,0.8087470531463623,frame_1767629504.0423927.pkl
620,00:08:58,538.7511925697327,1767629504.9572713,9.803223609924316,15.07408332824707,0.4399999976158142,0.0,0.0,-0.6184682846069336,0.7858097553253174,frame_1767629504.9572713.pkl
621,00:09:02,542.619419336319,1767629508.825498,9.797432899475098,14.354966163635254,0.4399999976158142,0.0,0.0,-0.7952690124511719,0.6062567234039307,frame_1767629508.825498.pkl
622,00:09:03,543.538610458374,1767629509.7446892,9.797432899475098,14.354966163635254,0.4399999976158142,0.0,0.0,-0.8291756510734558,0.5589881539344788,frame_1767629509.7446892.pkl
623,00:09:04,544.5577044487,1767629510.7637832,9.797432899475098,14.354966163635254,0.4399999976158142,0.0,0.0,-0.8211498856544495,0.5707125067710876,frame_1767629510.7637832.pkl
624,00:09:05,545.6331000328064,1767629511.8391788,9.797432899475098,14.354966163635254,0.4399999976158142,0.0,0.0,-0.7679706811904907,0.6404850482940674,frame_1767629511.8391788.pkl
625,00:09:06,546.7006783485413,1767629512.906757,9.797233581542969,14.328849792480469,0.4399999976158142,0.0,0.0,-0.7085572481155396,0.7056533098220825,frame_1767629512.906757.pkl
626,00:09:07,547.6934976577759,1767629513.8995764,9.804515838623047,14.068408012390137,0.4399999976158142,0.0,0.0,-0.6871299147605896,0.7265345454216003,frame_1767629513.8995764.pkl
627,00:09:08,548.518497467041,1767629514.7245762,9.814336776733398,13.852104187011719,0.4399999976158142,0.0,0.0,-0.6968744993209839,0.7171930074691772,frame_1767629514.7245762.pkl
628,00:09:09,549.4979064464569,1767629515.7039852,9.812239646911621,13.686422348022461,0.4399999976158142,0.0,0.0,-0.7239885926246643,0.6898118853569031,frame_1767629515.7039852.pkl
629,00:09:10,550.3614599704742,1767629516.5675387,9.797856330871582,13.489127159118652,0.4399999976158142,0.0,0.0,-0.7407030463218689,0.6718325614929199,frame_1767629516.5675387.pkl
630,00:09:11,551.3308174610138,1767629517.5368962,9.776693344116211,13.306998252868652,0.4399999976158142,0.0,0.0,-0.7531127333641052,0.6578915119171143,frame_1767629517.5368962.pkl
631,00:09:12,552.2848773002625,1767629518.490956,9.758101463317871,13.184182167053223,0.4399999976158142,0.0,0.0,-0.7610064148902893,0.6487443447113037,frame_1767629518.490956.pkl
632,00:09:13,553.1918759346008,1767629519.3979547,9.727453231811523,12.97015380859375,0.4399999976158142,0.0,0.0,-0.7487744688987732,0.662824809551239,frame_1767629519.3979547.pkl
633,00:09:14,554.1817219257355,1767629520.3878007,9.71044921875,12.785430908203125,0.4399999976158142,0.0,0.0,-0.7293537855148315,0.684136688709259,frame_1767629520.3878007.pkl
634,00:09:15,555.0141139030457,1767629521.2201927,9.701726913452148,12.574626922607422,0.4399999976158142,0.0,0.0,-0.7134520411491394,0.700704038143158,frame_1767629521.2201927.pkl
635,00:09:15,555.8918557167053,1767629522.0979345,9.701634407043457,12.416810989379883,0.4399999976158142,0.0,0.0,-0.7006392478942871,0.7135156393051147,frame_1767629522.0979345.pkl
636,00:09:16,556.7756080627441,1767629522.9816868,9.70647144317627,12.293218612670898,0.4399999976158142,0.0,0.0,-0.6879674792289734,0.7257415056228638,frame_1767629522.9816868.pkl
637,00:09:17,557.6942868232727,1767629523.9003656,9.717768669128418,12.080459594726562,0.4399999976158142,0.0,0.0,-0.6889272928237915,0.7248305082321167,frame_1767629523.9003656.pkl
638,00:09:18,558.5084340572357,1767629524.7145128,9.72415828704834,11.931365013122559,0.4399999976158142,0.0,0.0,-0.6953924298286438,0.7186301350593567,frame_1767629524.7145128.pkl
639,00:09:19,559.4354836940765,1767629525.6415625,9.726027488708496,11.8035306930542,0.4399999976158142,0.0,0.0,-0.7075402140617371,0.7066730856895447,frame_1767629525.6415625.pkl
640,00:09:20,560.3665339946747,1767629526.5726128,9.722613334655762,11.597023963928223,0.4399999976158142,0.0,0.0,-0.7182497978210449,0.6957852840423584,frame_1767629526.5726128.pkl
641,00:09:21,561.1861882209778,1767629527.392267,9.715822219848633,11.435954093933105,0.4399999976158142,0.0,0.0,-0.7245979905128479,0.6891717910766602,frame_1767629527.392267.pkl
642,00:09:22,562.0186588764191,1767629528.2247376,9.703968048095703,11.211402893066406,0.4399999976158142,0.0,0.0,-0.7262086868286133,0.6874743103981018,frame_1767629528.2247376.pkl
643,00:09:23,563.028416633606,1767629529.2344954,9.693108558654785,11.01054573059082,0.4399999976158142,0.0,0.0,-0.7255914211273193,0.6881258487701416,frame_1767629529.2344954.pkl
644,00:09:24,564.0500338077545,1767629530.2561126,9.685603141784668,10.860353469848633,0.4399999976158142,0.0,0.0,-0.7234169244766235,0.6904114484786987,frame_1767629530.2561126.pkl
645,00:09:24,564.9760038852692,1767629531.1820827,9.67592716217041,10.62205982208252,0.4399999976158142,0.0,0.0,-0.7190714478492737,0.6949360966682434,frame_1767629531.1820827.pkl
646,00:09:25,565.8462860584259,1767629532.0523648,9.671464920043945,10.468094825744629,0.4399999976158142,0.0,0.0,-0.7154687643051147,0.698644757270813,frame_1767629532.0523648.pkl
647,00:09:26,566.6918218135834,1767629532.8979006,9.666526794433594,10.225366592407227,0.4399999976158142,0.0,0.0,-0.7130671739578247,0.701095700263977,frame_1767629532.8979006.pkl
648,00:09:27,567.5633525848389,1767629533.7694314,9.663619995117188,10.03291130065918,0.4399999976158142,0.0,0.0,-0.7117637395858765,0.702418863773346,frame_1767629533.7694314.pkl
649,00:09:28,568.452963590622,1767629534.6590424,9.661918640136719,9.890361785888672,0.4399999976158142,0.0,0.0,-0.7112074494361877,0.7029820680618286,frame_1767629534.6590424.pkl
650,00:09:29,569.2807183265686,1767629535.486797,9.659510612487793,9.709555625915527,0.4399999976158142,0.0,0.0,-0.7125136256217957,0.7016581892967224,frame_1767629535.486797.pkl
651,00:09:30,570.215523481369,1767629536.4216022,9.655797004699707,9.512862205505371,0.4399999976158142,0.0,0.0,-0.7148420214653015,0.6992859244346619,frame_1767629536.4216022.pkl
652,00:09:31,571.101185798645,1767629537.3072646,9.64952564239502,9.260697364807129,0.4399999976158142,0.0,0.0,-0.7168672680854797,0.6972096562385559,frame_1767629537.3072646.pkl
653,00:09:31,571.8981857299805,1767629538.1042645,9.644681930541992,9.09752368927002,0.4399999976158142,0.0,0.0,-0.7182523608207703,0.6957826018333435,frame_1767629538.1042645.pkl
654,00:09:32,572.8292973041534,1767629539.035376,9.64072322845459,8.981386184692383,0.4399999976158142,0.0,0.0,-0.7196565270423889,0.6943302154541016,frame_1767629539.035376.pkl
655,00:09:33,573.6866462230682,1767629539.892725,9.633331298828125,8.774431228637695,0.4399999976158142,0.0,0.0,-0.7194846868515015,0.6945083141326904,frame_1767629539.892725.pkl
656,00:09:34,574.5245606899261,1767629540.7306395,9.62869644165039,8.639880180358887,0.4399999976158142,0.0,0.0,-0.7188584804534912,0.695156455039978,frame_1767629540.7306395.pkl
657,00:09:35,575.4869155883789,1767629541.6929944,9.624706268310547,8.512617111206055,0.4399999976158142,0.0,0.0,-0.7174516320228577,0.6966083645820618,frame_1767629541.6929944.pkl
658,00:09:36,576.2597651481628,1767629542.465844,9.619450569152832,8.324026107788086,0.4399999976158142,0.0,0.0,-0.7163275480270386,0.6977640986442566,frame_1767629542.465844.pkl
659,00:09:37,577.2332487106323,1767629543.4393275,9.614899635314941,8.141236305236816,0.4399999976158142,0.0,0.0,-0.7153333425521851,0.6987833976745605,frame_1767629543.4393275.pkl
660,00:09:38,578.0840055942535,1767629544.2900844,9.612557411193848,8.036587715148926,0.4399999976158142,0.0,0.0,-0.7146937251091003,0.6994374990463257,frame_1767629544.2900844.pkl
661,00:09:39,579.0036725997925,1767629545.2097514,9.607609748840332,7.80941104888916,0.4399999976158142,0.0,0.0,-0.714865505695343,0.6992619633674622,frame_1767629545.2097514.pkl
662,00:09:39,579.9554994106293,1767629546.1615782,9.603864669799805,7.644418239593506,0.4399999976158142,0.0,0.0,-0.7269055843353271,0.6867374777793884,frame_1767629546.1615782.pkl
663,00:09:40,580.7474615573883,1767629546.9535403,9.603864669799805,7.644418239593506,0.4399999976158142,0.0,0.0,-0.7903916239738464,0.6126019358634949,frame_1767629546.9535403.pkl
664,00:09:41,581.6891570091248,1767629547.8952358,9.603864669799805,7.644418239593506,0.4399999976158142,0.0,0.0,-0.8609538674354553,0.5086832642555237,frame_1767629547.8952358.pkl
665,00:09:42,582.738972902298,1767629548.9450517,9.582330703735352,7.618239879608154,0.4399999976158142,0.0,0.0,0.9054265022277832,-0.424502968788147,frame_1767629548.9450517.pkl
666,00:09:43,583.6437804698944,1767629549.8498592,9.457087516784668,7.476187705993652,0.4399999976158142,0.0,0.0,0.915651798248291,-0.40197229385375977,frame_1767629549.8498592.pkl
667,00:09:44,584.4953410625458,1767629550.7014198,9.34862995147705,7.3552045822143555,0.4399999976158142,0.0,0.0,0.9099599719047546,-0.4146961569786072,frame_1767629550.7014198.pkl
668,00:09:45,585.5256390571594,1767629551.7317178,9.256088256835938,7.238422393798828,0.4399999976158142,0.0,0.0,0.8926421999931335,-0.4507658779621124,frame_1767629551.7317178.pkl
669,00:09:46,586.427140712738,1767629552.6332195,9.130268096923828,7.065672874450684,0.4399999976158142,0.0,0.0,0.8906140923500061,-0.454759806394577,frame_1767629552.6332195.pkl
670,00:09:47,587.3483028411865,1767629553.5543816,9.024458885192871,6.9235615730285645,0.4399999976158142,0.0,0.0,0.897146463394165,-0.44173333048820496,frame_1767629553.5543816.pkl
671,00:09:48,588.2852482795715,1767629554.491327,8.864646911621094,6.72831916809082,0.4399999976158142,0.0,0.0,0.9104181528091431,-0.4136892855167389,frame_1767629554.491327.pkl
672,00:09:49,589.2323689460754,1767629555.4384477,8.721895217895508,6.575842380523682,0.4399999976158142,0.0,0.0,0.9251476526260376,-0.37960755825042725,frame_1767629555.4384477.pkl
673,00:09:50,590.1196749210358,1767629556.3257537,8.644083023071289,6.504325866699219,0.4399999976158142,0.0,0.0,0.9370325803756714,-0.34924203157424927,frame_1767629556.3257537.pkl
674,00:09:51,591.0260908603668,1767629557.2321696,8.493086814880371,6.37691593170166,0.4399999976158142,0.0,0.0,0.9411054849624634,-0.338113009929657,frame_1767629557.2321696.pkl
675,00:09:53,593.1934790611267,1767629559.3995578,8.194718360900879,6.130086898803711,0.4399999976158142,0.0,0.0,0.9398151636123657,-0.34168314933776855,frame_1767629559.3995578.pkl
676,00:09:54,594.0924854278564,1767629560.2985642,8.061101913452148,6.01279878616333,0.4399999976158142,0.0,0.0,0.9310578107833862,-0.3648715913295746,frame_1767629560.2985642.pkl
677,00:09:55,595.0271558761597,1767629561.2332346,7.962832450866699,5.915255546569824,0.4399999976158142,0.0,0.0,0.9190620183944702,-0.39411279559135437,frame_1767629561.2332346.pkl
678,00:09:56,596.1550991535187,1767629562.361178,7.783047676086426,5.7169928550720215,0.4399999976158142,0.0,0.0,0.9117275476455688,-0.4107953608036041,frame_1767629562.361178.pkl
679,00:09:57,597.0340142250061,1767629563.240093,7.690887451171875,5.619777679443359,0.4399999976158142,0.0,0.0,0.928001344203949,-0.3725767731666565,frame_1767629563.240093.pkl
680,00:09:57,597.9355919361115,1767629564.1416707,7.690887451171875,5.619777679443359,0.4399999976158142,0.0,0.0,0.948013424873352,-0.31823021173477173,frame_1767629564.1416707.pkl
681,00:09:58,598.7912247180939,1767629564.9973035,7.6760969161987305,5.611042499542236,0.4399999976158142,0.0,0.0,0.9651538133621216,-0.2616831958293915,frame_1767629564.9973035.pkl
682,00:09:59,599.647488117218,1767629565.853567,7.542000770568848,5.538089752197266,0.4399999976158142,0.0,0.0,0.9729585647583008,-0.23097987473011017,frame_1767629565.853567.pkl
683,00:10:00,600.7675890922546,1767629566.9736679,7.527627468109131,5.530797004699707,0.4399999976158142,0.0,0.0,0.9721004962921143,-0.23456445336341858,frame_1767629566.9736679.pkl
684,00:10:01,601.6744892597198,1767629567.880568,7.401318550109863,5.460770606994629,0.4399999976158142,0.0,0.0,0.9637985229492188,-0.26663151383399963,frame_1767629567.880568.pkl
685,00:10:02,602.5900313854218,1767629568.7961102,7.277425289154053,5.380705833435059,0.4399999976158142,0.0,0.0,0.9547533988952637,-0.2973986864089966,frame_1767629568.7961102.pkl
686,00:10:03,603.484137058258,1767629569.6902158,7.086816787719727,5.242631912231445,0.4399999976158142,0.0,0.0,0.9477591514587402,-0.31898659467697144,frame_1767629569.6902158.pkl
687,00:10:04,604.4224994182587,1767629570.6285782,6.950693130493164,5.1366682052612305,0.4399999976158142,0.0,0.0,0.9437606930732727,-0.33062922954559326,frame_1767629570.6285782.pkl
688,00:10:05,605.2782526016235,1767629571.4843314,6.849983215332031,5.054478645324707,0.4399999976158142,0.0,0.0,0.9407708644866943,-0.3390428423881531,frame_1767629571.4843314.pkl
689,00:10:06,606.1301810741425,1767629572.3362598,6.696649551391602,4.92875862121582,0.4399999976158142,0.0,0.0,0.9427306652069092,-0.33355507254600525,frame_1767629572.3362598.pkl
690,00:10:07,607.0505533218384,1767629573.256632,6.5644049644470215,4.82432222366333,0.4399999976158142,0.0,0.0,0.9465110301971436,-0.32267138361930847,frame_1767629573.256632.pkl
691,00:10:07,607.9108898639679,1767629574.1169686,6.3758416175842285,4.682794094085693,0.4399999976158142,0.0,0.0,0.9507920742034912,-0.30982962250709534,frame_1767629574.1169686.pkl
692,00:10:08,608.854229927063,1767629575.0603087,6.229188919067383,4.578421592712402,0.4399999976158142,0.0,0.0,0.9544399976730347,-0.2984028458595276,frame_1767629575.0603087.pkl
693,00:10:09,609.8137876987457,1767629576.0198665,6.1184539794921875,4.504075527191162,0.4399999976158142,0.0,0.0,0.9579583406448364,-0.28690728545188904,frame_1767629576.0198665.pkl
694,00:10:10,610.8654179573059,1767629577.0714967,5.940989017486572,4.387700080871582,0.4399999976158142,0.0,0.0,0.958281397819519,-0.2858263850212097,frame_1767629577.0714967.pkl
695,00:10:11,611.8575775623322,1767629578.0636563,5.795192241668701,4.291144847869873,0.4399999976158142,0.0,0.0,0.9566720724105835,-0.2911674678325653,frame_1767629578.0636563.pkl
696,00:10:12,612.8747606277466,1767629579.0808394,5.591055870056152,4.151000022888184,0.4399999976158142,0.0,0.0,0.9533811807632446,-0.3017686903476715,frame_1767629579.0808394.pkl
697,00:10:13,613.8367636203766,1767629580.0428424,5.431394100189209,4.035793781280518,0.4399999976158142,0.0,0.0,0.9499708414077759,-0.3123386800289154,frame_1767629580.0428424.pkl
698,00:10:14,614.9606223106384,1767629581.166701,5.21012544631958,3.8700151443481445,0.4399999976158142,0.0,0.0,0.9475884437561035,-0.31949353218078613,frame_1767629581.166701.pkl
699,00:10:15,615.8406767845154,1767629582.0467556,5.068605899810791,3.7616639137268066,0.4399999976158142,0.0,0.0,0.9469404220581055,-0.3214091658592224,frame_1767629582.0467556.pkl
700,00:10:16,616.8342850208282,1767629583.0403638,4.893260478973389,3.628016948699951,0.4399999976158142,0.0,0.0,0.9480338096618652,-0.31816959381103516,frame_1767629583.0403638.pkl
701,00:10:17,617.7694177627563,1767629583.9754965,4.740477561950684,3.5141022205352783,0.4399999976158142,0.0,0.0,0.9512554407119751,-0.3084040880203247,frame_1767629583.9754965.pkl
702,00:10:18,618.6518664360046,1767629584.8579452,4.569682598114014,3.3995282649993896,0.4399999976158142,0.0,0.0,0.9622785449028015,-0.2720661163330078,frame_1767629584.8579452.pkl
703,00:10:19,619.7777934074402,1767629585.9838722,4.393279075622559,3.305145025253296,0.4399999976158142,0.0,0.0,0.9778435230255127,-0.2093372792005539,frame_1767629585.9838722.pkl
704,00:10:20,620.7578191757202,1767629586.963898,4.377324104309082,3.300412178039551,0.4399999976158142,0.0,0.0,0.989869236946106,-0.14198243618011475,frame_1767629586.963898.pkl
705,00:10:21,621.6418118476868,1767629587.8478906,4.196743011474609,3.2540550231933594,0.4399999976158142,0.0,0.0,0.9937444925308228,-0.11167839169502258,frame_1767629587.8478906.pkl
706,00:10:22,622.6935122013092,1767629588.899591,4.0025315284729,3.2107250690460205,0.4399999976158142,0.0,0.0,0.9941543340682983,-0.10796844959259033,frame_1767629588.899591.pkl
707,00:10:23,623.5468890666962,1767629589.7529678,3.8781862258911133,3.1817421913146973,0.4399999976158142,0.0,0.0,0.9925373792648315,-0.12194112688302994,frame_1767629589.7529678.pkl
708,00:10:24,624.6100087165833,1767629590.8160875,3.66878342628479,3.121405839920044,0.4399999976158142,0.0,0.0,0.9873195290565491,-0.15874558687210083,frame_1767629590.8160875.pkl
709,00:10:25,625.4669742584229,1767629591.673053,3.5123043060302734,3.063490867614746,0.4399999976158142,0.0,0.0,0.9825642108917236,-0.18592342734336853,frame_1767629591.673053.pkl
710,00:10:26,626.3018968105316,1767629592.5079756,3.3105270862579346,2.991084098815918,0.4399999976158142,0.0,0.0,0.9880449771881104,-0.15416574478149414,frame_1767629592.5079756.pkl
711,00:10:27,627.1073474884033,1767629593.3134263,3.1485300064086914,2.948239803314209,0.4399999976158142,0.0,0.0,0.9955921769142151,-0.09378796070814133,frame_1767629593.3134263.pkl
712,00:10:27,627.9784655570984,1767629594.1845443,3.1485300064086914,2.948239803314209,0.4399999976158142,0.0,0.0,0.9997659921646118,-0.02163100056350231,frame_1767629594.1845443.pkl
713,00:10:28,628.8809292316437,1767629595.087008,3.1485300064086914,2.948239803314209,0.4399999976158142,0.0,0.0,0.9951504468917847,0.09836488962173462,frame_1767629595.087008.pkl
714,00:10:29,629.6985335350037,1767629595.9046123,3.1334714889526367,2.953622579574585,0.4399999976158142,0.0,0.0,0.9849109053611755,0.17306245863437653,frame_1767629595.9046123.pkl
715,00:10:30,630.518265247345,1767629596.724344,3.0152032375335693,3.000910758972168,0.4399999976158142,0.0,0.0,0.9792795181274414,0.20251326262950897,frame_1767629596.724344.pkl
716,00:10:31,631.3374574184418,1767629597.5435362,2.9107820987701416,3.0464086532592773,0.4399999976158142,0.0,0.0,0.977520227432251,0.21084125339984894,frame_1767629597.5435362.pkl
717,00:10:32,632.1859874725342,1767629598.3920662,2.9107820987701416,3.0464086532592773,0.4399999976158142,0.0,0.0,0.9568284749984741,0.2906532287597656,frame_1767629598.3920662.pkl
718,00:10:33,633.1545698642731,1767629599.3606486,2.89566969871521,3.0614089965820312,0.4399999976158142,0.0,0.0,0.9232844114303589,0.3841169774532318,frame_1767629599.3606486.pkl
719,00:10:33,633.967202425003,1767629600.1732812,2.7821593284606934,3.187265396118164,0.4399999976158142,0.0,0.0,0.9051241278648376,0.42514747381210327,frame_1767629600.1732812.pkl
720,00:10:35,635.070467710495,1767629601.2765465,2.6442179679870605,3.3583006858825684,0.4399999976158142,0.0,0.0,0.8997622728347778,0.4363803267478943,frame_1767629601.2765465.pkl
721,00:10:35,635.9979069232941,1767629602.2039857,2.564917802810669,3.4572649002075195,0.4399999976158142,0.0,0.0,0.9032831788063049,0.42904478311538696,frame_1767629602.2039857.pkl
722,00:10:36,636.7860100269318,1767629602.9920888,2.481215000152588,3.5577244758605957,0.4399999976158142,0.0,0.0,0.9066208600997925,0.4219461977481842,frame_1767629602.9920888.pkl
723,00:10:37,637.613805770874,1767629603.8198845,2.3778767585754395,3.6819300651550293,0.4399999976158142,0.0,0.0,0.9037876129150391,0.42798125743865967,frame_1767629603.8198845.pkl
724,00:10:38,638.5088758468628,1767629604.7149546,2.2977232933044434,3.7820639610290527,0.4399999976158142,0.0,0.0,0.8957983255386353,0.4444607198238373,frame_1767629604.7149546.pkl
725,00:10:39,639.2950332164764,1767629605.501112,2.2977232933044434,3.7820639610290527,0.4399999976158142,0.0,0.0,0.8696518540382385,0.49366551637649536,frame_1767629605.501112.pkl
726,00:10:41,641.2564380168915,1767629607.4625168,2.2977232933044434,3.7820639610290527,0.4399999976158142,0.0,0.0,0.8013724088668823,0.59816575050354,frame_1767629607.4625168.pkl
727,00:10:42,642.0430207252502,1767629608.2490995,2.2977232933044434,3.7820639610290527,0.4399999976158142,0.0,0.0,0.8943989276885986,0.4472700357437134,frame_1767629608.2490995.pkl
728,00:10:44,644.1874990463257,1767629610.3935778,2.2977232933044434,3.7820639610290527,0.4399999976158142,0.0,0.0,0.9010070562362671,0.4338044226169586,frame_1767629610.3935778.pkl
729,00:10:45,645.0885035991669,1767629611.2945824,2.2977232933044434,3.7820639610290527,0.4399999976158142,0.0,0.0,0.9756321907043457,0.21941256523132324,frame_1767629611.2945824.pkl
730,00:10:45,645.9510569572449,1767629612.1571357,2.2977232933044434,3.7820639610290527,0.4399999976158142,0.0,0.0,0.999717116355896,-0.023784520104527473,frame_1767629612.1571357.pkl
731,00:10:46,646.843588590622,1767629613.0496674,2.2977232933044434,3.7820639610290527,0.4399999976158142,0.0,0.0,0.9698241949081421,-0.24380508065223694,frame_1767629613.0496674.pkl
732,00:10:47,647.867901802063,1767629614.0739806,2.2977232933044434,3.7820639610290527,0.4399999976158142,0.0,0.0,0.8781605362892151,-0.47836601734161377,frame_1767629614.0739806.pkl
733,00:10:48,648.8392851352692,1767629615.045364,2.2977232933044434,3.7820639610290527,0.4399999976158142,0.0,0.0,-0.737610399723053,0.675226628780365,frame_1767629615.045364.pkl
734,00:10:49,649.676100730896,1767629615.8821795,2.300964117050171,3.7633395195007324,0.4399999976158142,0.0,0.0,-0.641452968120575,0.7671623229980469,frame_1767629615.8821795.pkl
735,00:10:50,650.5370101928711,1767629616.743089,2.3396263122558594,3.59798526763916,0.4399999976158142,0.0,0.0,-0.6073901057243347,0.7944037318229675,frame_1767629616.743089.pkl
736,00:10:51,651.3958508968353,1767629617.6019297,2.3761322498321533,3.4608771800994873,0.4399999976158142,0.0,0.0,-0.613234281539917,0.789901077747345,frame_1767629617.6019297.pkl
737,00:10:52,652.2957243919373,1767629618.5018032,2.397477626800537,3.3650922775268555,0.4399999976158142,0.0,0.0,-0.6375505328178406,0.770408570766449,frame_1767629618.5018032.pkl
738,00:10:53,653.0769515037537,1767629619.2830303,2.432570457458496,3.144001007080078,0.4399999976158142,0.0,0.0,-0.6609503626823425,0.750429630279541,frame_1767629619.2830303.pkl
739,00:10:54,654.0049755573273,1767629620.2110543,2.453740119934082,2.9410109519958496,0.4399999976158142,0.0,0.0,-0.6784665584564209,0.734631359577179,frame_1767629620.2110543.pkl
740,00:10:54,654.9185562133789,1767629621.124635,2.461794376373291,2.809767246246338,0.4399999976158142,0.0,0.0,-0.689264178276062,0.7245100736618042,frame_1767629621.124635.pkl
741,00:10:56,656.005136013031,1767629622.2112148,2.4769716262817383,2.548494815826416,0.4399999976158142,0.0,0.0,-0.6821570992469788,0.7312056422233582,frame_1767629622.2112148.pkl
742,00:10:56,656.9954779148102,1767629623.2015567,2.492408037185669,2.369074583053589,0.4399999976158142,0.0,0.0,-0.6699690222740173,0.7423891425132751,frame_1767629623.2015567.pkl
743,00:10:57,657.8896667957306,1767629624.0957456,2.5230913162231445,2.120506525039673,0.4399999976158142,0.0,0.0,-0.6544479727745056,0.756106972694397,frame_1767629624.0957456.pkl
744,00:10:58,658.7694535255432,1767629624.9755323,2.5532407760620117,1.9359201192855835,0.4399999976158142,0.0,0.0,-0.6398479342460632,0.7685014605522156,frame_1767629624.9755323.pkl
745,00:11:13,673.0852103233337,1767629639.291289,3.427638053894043,0.3956657648086548,0.4399999976158142,0.0,0.0,-0.3754936754703522,0.9268249273300171,frame_1767629639.291289.pkl
746,00:11:14,674.0844752788544,1767629640.290554,3.427638053894043,0.3956657648086548,0.4399999976158142,0.0,0.0,-0.5931236743927002,0.8051113486289978,frame_1767629640.290554.pkl
747,00:11:15,675.2135007381439,1767629641.4195795,3.427638053894043,0.3956657648086548,0.4399999976158142,0.0,0.0,-0.8005926609039307,0.5992088913917542,frame_1767629641.4195795.pkl
748,00:11:16,676.2268211841583,1767629642.4329,3.410249710083008,0.37063848972320557,0.4399999976158142,0.0,0.0,0.8879386782646179,-0.459961861371994,frame_1767629642.4329.pkl
749,00:11:17,677.1610181331635,1767629643.367097,3.313059091567993,0.24330031871795654,0.4399999976158142,0.0,0.0,0.9013595581054688,-0.4330715239048004,frame_1767629643.367097.pkl
750,00:11:18,678.0597047805786,1767629644.2657835,3.2326228618621826,0.13567626476287842,0.4399999976158142,0.0,0.0,0.8831578493118286,-0.46907585859298706,frame_1767629644.2657835.pkl
751,00:11:18,678.9599394798279,1767629645.1660182,3.223724842071533,0.11856949329376221,0.4399999976158142,0.0,0.0,-0.8534327745437622,0.5212029814720154,frame_1767629645.1660182.pkl
752,00:11:19,679.8271379470825,1767629646.0332167,3.1352880001068115,-0.07838332653045654,0.4399999976158142,0.0,0.0,-0.8264638185501099,0.5629896521568298,frame_1767629646.0332167.pkl
753,00:11:20,680.7755033969879,1767629646.9815822,3.0778112411499023,-0.23414409160614014,0.4399999976158142,0.0,0.0,-0.8141164779663086,0.580701470375061,frame_1767629646.9815822.pkl
754,00:11:21,681.7669205665588,1767629647.9729993,3.015012502670288,-0.4290797710418701,0.4399999976158142,0.0,0.0,-0.80535888671875,0.592787504196167,frame_1767629647.9729993.pkl
755,00:11:22,682.6405026912689,1767629648.8465815,2.943225860595703,-0.6489197015762329,0.4399999976158142,0.0,0.0,-0.8152259588241577,0.5791428089141846,frame_1767629648.8465815.pkl
756,00:11:23,683.4821579456329,1767629649.6882367,2.8852782249450684,-0.8021082878112793,0.4399999976158142,0.0,0.0,-0.8297792673110962,0.5580916404724121,frame_1767629649.6882367.pkl
757,00:11:24,684.3718776702881,1767629650.5779564,2.7820913791656494,-1.0350441932678223,0.4399999976158142,0.0,0.0,-0.8466148972511292,0.5322057604789734,frame_1767629650.5779564.pkl
758,00:11:25,685.3522574901581,1767629651.5583363,2.6820573806762695,-1.2288392782211304,0.4399999976158142,0.0,0.0,-0.8620018362998962,0.5069051384925842,frame_1767629651.5583363.pkl
759,00:11:26,686.1250123977661,1767629652.3310912,2.6337077617645264,-1.3115750551223755,0.4399999976158142,0.0,0.0,0.8719955682754517,-0.4895137548446655,frame_1767629652.3310912.pkl
760,00:11:27,687.0188972949982,1767629653.224976,2.5270025730133057,-1.486556053161621,0.4399999976158142,0.0,0.0,0.8715877532958984,-0.49023962020874023,frame_1767629653.224976.pkl
761,00:11:28,688.0288941860199,1767629654.234973,2.435941696166992,-1.6402521133422852,0.4399999976158142,0.0,0.0,-0.8654402494430542,0.501011848449707,frame_1767629654.234973.pkl
762,00:11:28,688.9587967395782,1767629655.1648755,2.384322166442871,-1.7335442304611206,0.4399999976158142,0.0,0.0,-0.8578406572341919,0.5139156579971313,frame_1767629655.1648755.pkl
763,00:11:29,689.8543434143066,1767629656.0604222,2.342867374420166,-1.8124245405197144,0.4399999976158142,0.0,0.0,-0.853944718837738,0.5203636288642883,frame_1767629656.0604222.pkl
764,00:11:30,690.7054545879364,1767629656.9115334,2.3406901359558105,-1.8166483640670776,0.4399999976158142,0.0,0.0,-0.8536813259124756,0.5207958817481995,frame_1767629656.9115334.pkl
765,00:11:31,691.6066951751709,1767629657.812774,2.2774248123168945,-1.9442662000656128,0.4399999976158142,0.0,0.0,-0.8456727862358093,0.5337015986442566,frame_1767629657.812774.pkl
766,00:11:32,692.4914526939392,1767629658.6975315,2.2250170707702637,-2.0580623149871826,0.4399999976158142,0.0,0.0,-0.8384148478507996,0.5450324416160583,frame_1767629658.6975315.pkl
767,00:11:33,693.2862288951874,1767629659.4923077,2.2250170707702637,-2.0580623149871826,0.4399999976158142,0.0,0.0,-0.8548595905303955,0.5188592076301575,frame_1767629659.4923077.pkl
768,00:11:34,694.1511571407318,1767629660.357236,2.2250170707702637,-2.0580623149871826,0.4399999976158142,0.0,0.0,0.9324541687965393,-0.3612881898880005,frame_1767629660.357236.pkl
769,00:11:35,695.0573663711548,1767629661.2634451,2.2250170707702637,-2.0580623149871826,0.4399999976158142,0.0,0.0,0.9781380891799927,-0.20795667171478271,frame_1767629661.2634451.pkl
770,00:11:35,695.9083480834961,1767629662.1144269,2.2119715213775635,-2.0638632774353027,0.4399999976158142,0.0,0.0,0.9782782793045044,-0.20729604363441467,frame_1767629662.1144269.pkl
771,00:11:36,696.8903942108154,1767629663.096473,2.025254726409912,-2.1445958614349365,0.4399999976158142,0.0,0.0,0.9802302122116089,-0.197860449552536,frame_1767629663.096473.pkl
772,00:11:37,697.6964192390442,1767629663.902498,1.887534260749817,-2.2014029026031494,0.4399999976158142,0.0,0.0,0.9817073345184326,-0.1903964728116989,frame_1767629663.902498.pkl
773,00:11:38,698.5302486419678,1767629664.7363274,1.7865476608276367,-2.241095781326294,0.4399999976158142,0.0,0.0,0.9837671518325806,-0.17944985628128052,frame_1767629664.7363274.pkl
774,00:11:39,699.522867679596,1767629665.7289464,1.575144648551941,-2.3101024627685547,0.4399999976158142,0.0,0.0,0.9911656975746155,-0.13262972235679626,frame_1767629665.7289464.pkl
775,00:11:40,700.3888990879059,1767629666.5949779,1.396915078163147,-2.3496711254119873,0.4399999976158142,0.0,0.0,0.996071457862854,-0.08855456113815308,frame_1767629666.5949779.pkl
776,00:11:41,701.4304504394531,1767629667.6365292,1.1487836837768555,-2.384272813796997,0.4399999976158142,0.0,0.0,0.9977584481239319,-0.06691819429397583,frame_1767629667.6365292.pkl
777,00:11:42,702.3414723873138,1767629668.5475512,1.1487836837768555,-2.384272813796997,0.4399999976158142,0.0,0.0,0.9576788544654846,-0.28783872723579407,frame_1767629668.5475512.pkl
778,00:11:43,703.2746424674988,1767629669.4807212,1.1487836837768555,-2.384272813796997,0.4399999976158142,0.0,0.0,0.8717788457870483,-0.4898996949195862,frame_1767629669.4807212.pkl
779,00:11:44,704.1272830963135,1767629670.3333619,1.1487836837768555,-2.384272813796997,0.4399999976158142,0.0,0.0,-0.7371322512626648,0.6757485866546631,frame_1767629670.3333619.pkl
780,00:11:45,705.0051934719086,1767629671.2112722,1.1487836837768555,-2.384272813796997,0.4399999976158142,0.0,0.0,-0.5677908658981323,0.8231728672981262,frame_1767629671.2112722.pkl
781,00:11:45,705.9329371452332,1767629672.139016,1.1487836837768555,-2.384272813796997,0.4399999976158142,0.0,0.0,-0.36982759833335876,0.9291003942489624,frame_1767629672.139016.pkl
782,00:11:46,706.7655792236328,1767629672.971658,1.1487836837768555,-2.384272813796997,0.4399999976158142,0.0,0.0,-0.1585208773612976,0.987355649471283,frame_1767629672.971658.pkl
783,00:11:47,707.6035444736481,1767629673.8096232,1.1487836837768555,-2.384272813796997,0.4399999976158142,0.0,0.0,-0.00762108014896512,0.9999709725379944,frame_1767629673.8096232.pkl
784,00:11:48,708.6303298473358,1767629674.8364086,1.165898084640503,-2.381333827972412,0.4399999976158142,0.0,0.0,0.08583459258079529,0.9963093996047974,frame_1767629674.8364086.pkl
785,00:11:49,709.4778594970703,1767629675.6839383,1.3605151176452637,-2.3439011573791504,0.4399999976158142,0.0,0.0,0.10232982039451599,0.9947504997253418,frame_1767629675.6839383.pkl
786,00:11:50,710.3369925022125,1767629676.5430713,1.5677469968795776,-2.3053624629974365,0.4399999976158142,0.0,0.0,0.07864505052566528,0.9969027042388916,frame_1767629676.5430713.pkl
787,00:11:51,711.2778289318085,1767629677.4839077,1.723111629486084,-2.287285804748535,0.4399999976158142,0.0,0.0,0.038014527410268784,0.9992771744728088,frame_1767629677.4839077.pkl
788,00:11:52,712.0781314373016,1767629678.2842102,1.8957068920135498,-2.2794370651245117,0.4399999976158142,0.0,0.0,0.006983041763305664,0.9999756217002869,frame_1767629678.2842102.pkl
789,00:11:52,712.9286103248596,1767629679.134689,1.8787381649017334,-2.279700517654419,0.4399999976158142,0.0,0.0,0.00886514876037836,0.999960720539093,frame_1767629679.134689.pkl
790,00:11:53,713.8876404762268,1767629680.0937192,1.624983787536621,-2.291278123855591,0.4399999976158142,0.0,0.0,0.037071168422698975,0.9993126392364502,frame_1767629680.0937192.pkl
791,00:11:54,714.7825515270233,1767629680.9886303,1.3868132829666138,-2.315385580062866,0.4399999976158142,0.0,0.0,0.06491115689277649,0.9978910684585571,frame_1767629680.9886303.pkl
792,00:11:55,715.6804668903351,1767629681.8865457,1.2501418590545654,-2.3363451957702637,0.4399999976158142,0.0,0.0,0.08740097284317017,0.9961732029914856,frame_1767629681.8865457.pkl
793,00:11:56,716.5976359844208,1767629682.8037148,1.2501418590545654,-2.3363451957702637,0.4399999976158142,0.0,0.0,0.11724227666854858,0.9931033253669739,frame_1767629682.8037148.pkl
794,00:11:57,717.5878148078918,1767629683.7938936,1.2501418590545654,-2.3363451957702637,0.4399999976158142,0.0,0.0,0.35929667949676514,0.9332233667373657,frame_1767629683.7938936.pkl
795,00:11:58,718.4811382293701,1767629684.687217,1.2501418590545654,-2.3363451957702637,0.4399999976158142,0.0,0.0,0.537538468837738,0.8432392477989197,frame_1767629684.687217.pkl
796,00:11:59,719.3506610393524,1767629685.5567398,1.2501418590545654,-2.3363451957702637,0.4399999976158142,0.0,0.0,0.7121495604515076,0.7020277380943298,frame_1767629685.5567398.pkl
797,00:12:00,720.2158303260803,1767629686.421909,1.2501418590545654,-2.3363451957702637,0.4399999976158142,0.0,0.0,0.8374267816543579,0.5465494394302368,frame_1767629686.421909.pkl
798,00:12:01,721.2260520458221,1767629687.4321308,1.2501418590545654,-2.3363451957702637,0.4399999976158142,0.0,0.0,0.9178210496902466,0.3969945013523102,frame_1767629687.4321308.pkl
799,00:12:02,722.066545009613,1767629688.2726238,1.2501418590545654,-2.3363451957702637,0.4399999976158142,0.0,0.0,0.8206540942192078,0.5714253187179565,frame_1767629688.2726238.pkl
800,00:12:02,722.928914308548,1767629689.134993,1.2501418590545654,-2.3363451957702637,0.4399999976158142,0.0,0.0,0.6907631158828735,0.7230810523033142,frame_1767629689.134993.pkl
801,00:12:03,723.7689266204834,1767629689.9750054,1.2501418590545654,-2.3363451957702637,0.4399999976158142,0.0,0.0,0.5333477258682251,0.8458960652351379,frame_1767629689.9750054.pkl
802,00:12:04,724.6763911247253,1767629690.88247,1.2501418590545654,-2.3363451957702637,0.4399999976158142,0.0,0.0,0.33118075132369995,0.9435673356056213,frame_1767629690.88247.pkl
803,00:12:05,725.4656369686127,1767629691.6717157,1.2501418590545654,-2.3363451957702637,0.4399999976158142,0.0,0.0,0.1469893753528595,0.9891380667686462,frame_1767629691.6717157.pkl
804,00:12:06,726.2721431255341,1767629692.478222,1.274078369140625,-2.3342578411102295,0.4399999976158142,0.0,0.0,0.039608538150787354,0.999215304851532,frame_1767629692.478222.pkl
805,00:12:07,727.1331493854523,1767629693.3392282,1.421255111694336,-2.328972339630127,0.4399999976158142,0.0,0.0,-0.0014005305711179972,0.9999989867210388,frame_1767629693.3392282.pkl
806,00:12:07,727.9398059844971,1767629694.1458848,1.5596964359283447,-2.329519271850586,0.4399999976158142,0.0,0.0,-0.0016311407089233398,0.9999986886978149,frame_1767629694.1458848.pkl
807,00:12:08,728.7888350486755,1767629694.9949138,1.6797897815704346,-2.3272132873535156,0.4399999976158142,0.0,0.0,0.019015967845916748,0.9998191595077515,frame_1767629694.9949138.pkl
808,00:12:09,729.6646466255188,1767629695.8707254,1.8986258506774902,-2.315035104751587,0.4399999976158142,0.0,0.0,0.03645569086074829,0.9993352890014648,frame_1767629695.8707254.pkl
809,00:12:10,730.5485982894897,1767629696.754677,2.056662082672119,-2.301814556121826,0.4399999976158142,0.0,0.0,0.0473993755877018,0.9988759756088257,frame_1767629696.754677.pkl
810,00:12:11,731.4864068031311,1767629697.6924856,2.1871914863586426,-2.287964344024658,0.4399999976158142,0.0,0.0,0.05553796887397766,0.998456597328186,frame_1767629697.6924856.pkl
811,00:12:12,732.5877509117126,1767629698.7938297,2.4572510719299316,-2.2591164112091064,0.4399999976158142,0.0,0.0,0.050165921449661255,0.9987409114837646,frame_1767629698.7938297.pkl
812,00:12:13,733.4912705421448,1767629699.6973493,2.6360321044921875,-2.2427589893341064,0.4399999976158142,0.0,0.0,0.03958788141608238,0.9992160797119141,frame_1767629699.6973493.pkl
813,00:12:14,734.3169507980347,1767629700.5230296,2.7775557041168213,-2.233743906021118,0.4399999976158142,0.0,0.0,0.022763850167393684,0.9997408390045166,frame_1767629700.5230296.pkl
814,00:12:15,735.1811821460724,1767629701.387261,2.891418933868408,-2.231374502182007,0.4399999976158142,0.0,0.0,-0.0036719441413879395,0.9999932646751404,frame_1767629701.387261.pkl
815,00:12:16,736.0688211917877,1767629702.2749,3.0547122955322266,-2.240544080734253,0.4399999976158142,0.0,0.0,-0.054929230362176895,0.9984902739524841,frame_1767629702.2749.pkl
816,00:12:16,736.9453639984131,1767629703.1514428,3.171689987182617,-2.258909225463867,0.4399999976158142,0.0,0.0,-0.12603047490119934,0.9920263886451721,frame_1767629703.1514428.pkl
817,00:12:17,737.9095869064331,1767629704.1156657,3.171689987182617,-2.258909225463867,0.4399999976158142,0.0,0.0,-0.34418439865112305,0.9389020800590515,frame_1767629704.1156657.pkl
818,00:12:18,738.8832807540894,1767629705.0893595,3.171689987182617,-2.258909225463867,0.4399999976158142,0.0,0.0,-0.555425763130188,0.8315660953521729,frame_1767629705.0893595.pkl
819,00:12:19,739.7346525192261,1767629705.9407313,3.1762583255767822,-2.270004987716675,0.4399999976158142,0.0,0.0,-0.5578945875167847,0.8299118280410767,frame_1767629705.9407313.pkl
820,00:12:20,740.6220672130585,1767629706.828146,3.238999843597412,-2.446737289428711,0.4399999976158142,0.0,0.0,-0.5958884954452515,0.8030672073364258,frame_1767629706.828146.pkl
821,00:12:21,741.5492825508118,1767629707.7553613,3.2842612266540527,-2.6255645751953125,0.4399999976158142,0.0,0.0,-0.6343392729759216,0.7730547189712524,frame_1767629707.7553613.pkl
822,00:12:22,742.3811731338501,1767629708.587252,3.303476333618164,-2.752065658569336,0.4399999976158142,0.0,0.0,-0.6670223474502563,0.7450377345085144,frame_1767629708.587252.pkl
823,00:12:23,743.1974823474884,1767629709.403561,3.315452814102173,-2.9244658946990967,0.4399999976158142,0.0,0.0,-0.6974599361419678,0.7166236639022827,frame_1767629709.403561.pkl
824,00:12:24,744.0402038097382,1767629710.2462826,3.313382148742676,-3.0885095596313477,0.4399999976158142,0.0,0.0,-0.7234257459640503,0.690402090549469,frame_1767629710.2462826.pkl
825,00:12:24,744.8707156181335,1767629711.0767944,3.2979071140289307,-3.3271255493164062,0.4399999976158142,0.0,0.0,-0.7353746891021729,0.6776605844497681,frame_1767629711.0767944.pkl
826,00:12:25,745.8112432956696,1767629712.017322,3.280029058456421,-3.5325145721435547,0.4399999976158142,0.0,0.0,-0.7373407483100891,0.6755210161209106,frame_1767629712.017322.pkl
827,00:12:26,746.724828004837,1767629712.9309068,3.268873453140259,-3.7071633338928223,0.4399999976158142,0.0,0.0,-0.7211424112319946,0.6927869319915771,frame_1767629712.9309068.pkl
828,00:12:27,747.6871268749237,1767629713.8932056,3.2668871879577637,-3.9902944564819336,0.4399999976158142,0.0,0.0,-0.6972847580909729,0.7167941927909851,frame_1767629713.8932056.pkl
829,00:12:28,748.5148615837097,1767629714.7209404,3.2751622200012207,-4.156062126159668,0.4399999976158142,0.0,0.0,-0.6827052235603333,0.7306939363479614,frame_1767629714.7209404.pkl
830,00:12:29,749.4051518440247,1767629715.6112306,3.2942965030670166,-4.409040451049805,0.4399999976158142,0.0,0.0,-0.6778653860092163,0.735185980796814,frame_1767629715.6112306.pkl
831,00:12:30,750.2842528820038,1767629716.4903316,3.3091423511505127,-4.594096660614014,0.4399999976158142,0.0,0.0,-0.6790621280670166,0.7340807318687439,frame_1767629716.4903316.pkl
832,00:12:31,751.2618355751038,1767629717.4679143,3.3276093006134033,-4.887430191040039,0.4399999976158142,0.0,0.0,-0.6908650398254395,0.722983717918396,frame_1767629717.4679143.pkl
833,00:12:32,752.194979429245,1767629718.4010582,3.333458662033081,-5.102535247802734,0.4399999976158142,0.0,0.0,-0.7035435438156128,0.7106521129608154,frame_1767629718.4010582.pkl
834,00:12:33,753.0848474502563,1767629719.2909262,3.3326826095581055,-5.3371195793151855,0.4399999976158142,0.0,0.0,-0.7131128311157227,0.701049268245697,frame_1767629719.2909262.pkl
835,00:12:33,753.8956201076508,1767629720.1016989,3.3286080360412598,-5.492423057556152,0.4399999976158142,0.0,0.0,-0.7190787196159363,0.6949285864830017,frame_1767629720.1016989.pkl
836,00:12:34,754.7383043766022,1767629720.9443831,3.320944309234619,-5.7140212059021,0.4399999976158142,0.0,0.0,-0.7191567420959473,0.694847822189331,frame_1767629720.9443831.pkl
837,00:12:35,755.7277436256409,1767629721.9338224,3.314276933670044,-5.936054706573486,0.4399999976158142,0.0,0.0,-0.7158555388450623,0.6982484459877014,frame_1767629721.9338224.pkl
838,00:12:36,756.604606628418,1767629722.8106854,3.3118343353271484,-6.075491905212402,0.4399999976158142,0.0,0.0,-0.7107616662979126,0.7034329175949097,frame_1767629722.8106854.pkl
839,00:12:37,757.5062696933746,1767629723.7123485,3.3114192485809326,-6.265859127044678,0.4399999976158142,0.0,0.0,-0.7048357725143433,0.709370493888855,frame_1767629723.7123485.pkl
840,00:12:38,758.479266166687,1767629724.685345,3.314100742340088,-6.443971157073975,0.4399999976158142,0.0,0.0,-0.6993470788002014,0.7147822380065918,frame_1767629724.685345.pkl
841,00:12:39,759.5516464710236,1767629725.7577252,3.3170881271362305,-6.586709976196289,0.4399999976158142,0.0,0.0,-0.6999970078468323,0.7141457200050354,frame_1767629725.7577252.pkl
842,00:12:40,760.4819660186768,1767629726.6880448,3.317350387573242,-6.59981632232666,0.4399999976158142,0.0,0.0,-0.6999916434288025,0.7141509652137756,frame_1767629726.6880448.pkl
843,00:12:41,761.4082796573639,1767629727.6143584,3.3200912475585938,-6.736159324645996,0.4399999976158142,0.0,0.0,-0.6999357342720032,0.7142058610916138,frame_1767629727.6143584.pkl
844,00:12:42,762.4960441589355,1767629728.702123,3.323314666748047,-6.895112991333008,0.4399999976158142,0.0,0.0,-0.699868381023407,0.7142718434333801,frame_1767629728.702123.pkl
845,00:12:43,763.3955459594727,1767629729.6016247,3.323314666748047,-6.895112991333008,0.4399999976158142,0.0,0.0,-0.6857835650444031,0.7278056144714355,frame_1767629729.6016247.pkl
846,00:12:44,764.4445199966431,1767629730.6505988,3.323314666748047,-6.895112991333008,0.4399999976158142,0.0,0.0,-0.5161683559417725,0.8564871549606323,frame_1767629730.6505988.pkl
847,00:12:45,765.351003408432,1767629731.5570822,3.323314666748047,-6.895112991333008,0.4399999976158142,0.0,0.0,-0.3755146265029907,0.926816463470459,frame_1767629731.5570822.pkl
848,00:12:46,766.2309467792511,1767629732.4370255,3.3353867530822754,-6.904172897338867,0.4399999976158142,0.0,0.0,-0.3162705600261688,0.9486690163612366,frame_1767629732.4370255.pkl
849,00:12:47,767.2865743637085,1767629733.4926531,3.467733383178711,-7.003445625305176,0.4399999976158142,0.0,0.0,-0.31916049122810364,0.9477006793022156,frame_1767629733.4926531.pkl
850,00:12:48,768.1904296875,1767629734.3965085,3.5747482776641846,-7.089940071105957,0.4399999976158142,0.0,0.0,-0.34517210721969604,0.9385393857955933,frame_1767629734.3965085.pkl
851,00:12:49,769.2491250038147,1767629735.4552038,3.725569248199463,-7.2219014167785645,0.4399999976158142,0.0,0.0,-0.3583294153213501,0.9335952401161194,frame_1767629735.4552038.pkl
852,00:12:50,770.3139655590057,1767629736.5200443,3.864851474761963,-7.348369121551514,0.4399999976158142,0.0,0.0,-0.3623366951942444,0.9320472478866577,frame_1767629736.5200443.pkl
853,00:12:51,771.1627407073975,1767629737.3688195,3.864851474761963,-7.348369121551514,0.4399999976158142,0.0,0.0,-0.34622037410736084,0.9381532073020935,frame_1767629737.3688195.pkl
854,00:12:52,772.0197134017944,1767629738.2257922,3.864851474761963,-7.348369121551514,0.4399999976158142,0.0,0.0,-0.19788578152656555,0.9802250862121582,frame_1767629738.2257922.pkl
855,00:12:52,772.9753046035767,1767629739.1813834,3.864851474761963,-7.348369121551514,0.4399999976158142,0.0,0.0,-0.05018668994307518,0.9987398386001587,frame_1767629739.1813834.pkl
856,00:12:54,774.0412786006927,1767629740.2473574,3.864851474761963,-7.348369121551514,0.4399999976158142,0.0,0.0,-0.05018668994307518,0.9987398386001587,frame_1767629740.2473574.pkl
857,00:12:54,774.9449889659882,1767629741.1510677,3.864851474761963,-7.348369121551514,0.4399999976158142,0.0,0.0,-0.05018668994307518,0.9987398386001587,frame_1767629741.1510677.pkl
858,00:12:55,775.9935092926025,1767629742.199588,4.145885467529297,-7.390583038330078,0.4399999976158142,0.0,0.0,-0.09915843605995178,0.9950716495513916,frame_1767629742.199588.pkl
859,00:12:56,776.9797096252441,1767629743.1857884,4.378817558288574,-7.447510242462158,0.4399999976158142,0.0,0.0,-0.14143455028533936,0.9899476170539856,frame_1767629743.1857884.pkl
860,00:12:57,777.8522837162018,1767629744.0583625,4.505143165588379,-7.489526748657227,0.4399999976158142,0.0,0.0,-0.17328330874443054,0.984872043132782,frame_1767629744.0583625.pkl
861,00:12:58,778.951708316803,1767629745.157787,4.712238788604736,-7.561903476715088,0.4399999976158142,0.0,0.0,-0.1584586501121521,0.9873656034469604,frame_1767629745.157787.pkl
862,00:12:59,779.9402432441711,1767629746.146322,4.854674339294434,-7.6037139892578125,0.4399999976158142,0.0,0.0,-0.1008496880531311,0.9949016571044922,frame_1767629746.146322.pkl
863,00:13:00,780.8512554168701,1767629747.0573342,4.854674339294434,-7.6037139892578125,0.4399999976158142,0.0,0.0,0.12366145104169846,0.9923244714736938,frame_1767629747.0573342.pkl
864,00:13:01,781.8279838562012,1767629748.0340626,4.8625078201293945,-7.599823951721191,0.4399999976158142,0.0,0.0,0.22719044983386993,0.9738503694534302,frame_1767629748.0340626.pkl
865,00:13:02,782.7520477771759,1767629748.9581265,4.973966598510742,-7.549147129058838,0.4399999976158142,0.0,0.0,0.1904292106628418,0.9817009568214417,frame_1767629748.9581265.pkl
866,00:13:03,783.6193630695343,1767629749.8254418,4.973966598510742,-7.549147129058838,0.4399999976158142,0.0,0.0,0.10736589878797531,0.9942196011543274,frame_1767629749.8254418.pkl
867,00:13:04,784.4611146450043,1767629750.6671934,4.996194839477539,-7.548040866851807,0.4399999976158142,0.0,0.0,0.02199867181479931,0.9997580051422119,frame_1767629750.6671934.pkl
868,00:13:05,785.364355802536,1767629751.5704346,5.218400001525879,-7.549570083618164,0.4399999976158142,0.0,0.0,-0.028270183131098747,0.999600350856781,frame_1767629751.5704346.pkl
869,00:13:06,786.2522828578949,1767629752.4583616,5.442740440368652,-7.565369606018066,0.4399999976158142,0.0,0.0,-0.03980568051338196,0.9992074370384216,frame_1767629752.4583616.pkl
870,00:13:07,787.1631381511688,1767629753.369217,5.592151641845703,-7.575979232788086,0.4399999976158142,0.0,0.0,-0.02945721335709095,0.9995660185813904,frame_1767629753.369217.pkl
871,00:13:08,788.1314163208008,1767629754.337495,5.784126281738281,-7.58285665512085,0.4399999976158142,0.0,0.0,-0.005347937345504761,0.9999856948852539,frame_1767629754.337495.pkl
872,00:13:09,789.2245264053345,1767629755.4306052,5.9722065925598145,-7.578431606292725,0.4399999976158142,0.0,0.0,0.030128389596939087,0.9995460510253906,frame_1767629755.4306052.pkl
873,00:13:10,790.3273046016693,1767629756.5333834,6.090814590454102,-7.56790018081665,0.4399999976158142,0.0,0.0,0.05868517607450485,0.9982765316963196,frame_1767629756.5333834.pkl
874,00:13:11,791.2865824699402,1767629757.4926612,6.090814590454102,-7.56790018081665,0.4399999976158142,0.0,0.0,0.05003339424729347,0.9987475275993347,frame_1767629757.4926612.pkl
875,00:13:12,792.4304287433624,1767629758.6365075,6.090814590454102,-7.56790018081665,0.4399999976158142,0.0,0.0,-0.03831568360328674,0.9992656707763672,frame_1767629758.6365075.pkl
876,00:13:13,793.4744098186493,1767629759.6804886,6.10106086730957,-7.570654392242432,0.4399999976158142,0.0,0.0,-0.13197334110736847,0.9912532567977905,frame_1767629759.6804886.pkl
877,00:13:14,794.5131855010986,1767629760.7192643,6.2863898277282715,-7.627423286437988,0.4399999976158142,0.0,0.0,-0.1590975522994995,0.9872628450393677,frame_1767629760.7192643.pkl
878,00:13:15,795.5077402591705,1767629761.713819,6.4344587326049805,-7.67509651184082,0.4399999976158142,0.0,0.0,-0.1510194092988968,0.9885308146476746,frame_1767629761.713819.pkl
879,00:13:16,796.5871975421906,1767629762.7932763,6.4344587326049805,-7.67509651184082,0.4399999976158142,0.0,0.0,-0.13617496192455292,0.9906848073005676,frame_1767629762.7932763.pkl
880,00:13:17,797.6123366355896,1767629763.8184154,6.4344587326049805,-7.67509651184082,0.4399999976158142,0.0,0.0,0.12556873261928558,0.9920849204063416,frame_1767629763.8184154.pkl
881,00:13:18,798.7015609741211,1767629764.9076397,6.4344587326049805,-7.67509651184082,0.4399999976158142,0.0,0.0,0.40172797441482544,0.9157590270042419,frame_1767629764.9076397.pkl
882,00:13:19,799.5961108207703,1767629765.8021896,6.4344587326049805,-7.67509651184082,0.4399999976158142,0.0,0.0,0.5756545066833496,0.8176930546760559,frame_1767629765.8021896.pkl
883,00:13:20,800.4736449718475,1767629766.6797237,6.4344587326049805,-7.67509651184082,0.4399999976158142,0.0,0.0,0.7435667514801025,0.6686617732048035,frame_1767629766.6797237.pkl
884,00:13:21,801.3548002243042,1767629767.560879,6.4344587326049805,-7.67509651184082,0.4399999976158142,0.0,0.0,0.8717334866523743,0.4899803102016449,frame_1767629767.560879.pkl
885,00:13:22,802.2818403244019,1767629768.487919,6.4344587326049805,-7.67509651184082,0.4399999976158142,0.0,0.0,0.9448943138122559,0.3273756206035614,frame_1767629768.487919.pkl
886,00:13:23,803.1721353530884,1767629769.3782141,6.41942024230957,-7.666942596435547,0.4399999976158142,0.0,0.0,0.9695448875427246,0.24491357803344727,frame_1767629769.3782141.pkl
887,00:13:23,803.9912221431732,1767629770.197301,6.3230085372924805,-7.616384506225586,0.4399999976158142,0.0,0.0,0.9724396467208862,0.23315457999706268,frame_1767629770.197301.pkl
888,00:13:24,804.9682834148407,1767629771.1743622,6.315768241882324,-7.612691879272461,0.4399999976158142,0.0,0.0,0.9721319675445557,0.23443454504013062,frame_1767629771.1743622.pkl
889,00:13:25,805.8710634708405,1767629772.0771422,6.208531379699707,-7.555108547210693,0.4399999976158142,0.0,0.0,0.9673151969909668,0.25357696413993835,frame_1767629772.0771422.pkl
890,00:13:26,806.7617862224579,1767629772.967865,6.0948052406311035,-7.487918376922607,0.4399999976158142,0.0,0.0,0.9623149633407593,0.2719372510910034,frame_1767629772.967865.pkl
891,00:13:27,807.7092940807343,1767629773.9153728,5.929513931274414,-7.382903575897217,0.4399999976158142,0.0,0.0,0.9580980539321899,0.28644058108329773,frame_1767629773.9153728.pkl
892,00:13:28,808.6017234325409,1767629774.8078022,5.810349941253662,-7.303050518035889,0.4399999976158142,0.0,0.0,0.9555105566978455,0.2949567437171936,frame_1767629774.8078022.pkl
893,00:13:29,809.4903321266174,1767629775.696411,5.635636329650879,-7.183079242706299,0.4399999976158142,0.0,0.0,0.9547064304351807,0.29754939675331116,frame_1767629775.696411.pkl
894,00:13:30,810.3050322532654,1767629776.511111,5.512322425842285,-7.097947120666504,0.4399999976158142,0.0,0.0,0.9532949924468994,0.3020409345626831,frame_1767629776.511111.pkl
895,00:13:31,811.1144213676453,1767629777.3205001,5.410055637359619,-7.020609378814697,0.4399999976158142,0.0,0.0,0.9387399554252625,0.3446263372898102,frame_1767629777.3205001.pkl
896,00:13:32,812.172027349472,1767629778.378106,5.410055637359619,-7.020609378814697,0.4399999976158142,0.0,0.0,0.9156298637390137,0.40202242136001587,frame_1767629778.378106.pkl
897,00:13:33,813.0786018371582,1767629779.2846806,5.398325443267822,-7.007739067077637,0.4399999976158142,0.0,0.0,0.9136736392974854,0.406448632478714,frame_1767629779.2846806.pkl
898,00:13:33,813.9384071826935,1767629780.144486,5.299960136413574,-6.888873100280762,0.4399999976158142,0.0,0.0,0.8953685164451599,0.4453260004520416,frame_1767629780.144486.pkl
899,00:13:34,814.8745045661926,1767629781.0805833,5.199861526489258,-6.7417378425598145,0.4399999976158142,0.0,0.0,0.8706429600715637,0.4919154644012451,frame_1767629781.0805833.pkl
900,00:13:35,815.7636406421661,1767629781.9697194,5.147892951965332,-6.646792888641357,0.4399999976158142,0.0,0.0,0.8447598218917847,0.5351454615592957,frame_1767629781.9697194.pkl
901,00:13:36,816.8047394752502,1767629783.0108182,5.147892951965332,-6.646792888641357,0.4399999976158142,0.0,0.0,0.7739758491516113,0.6332151293754578,frame_1767629783.0108182.pkl
902,00:13:37,817.6938381195068,1767629783.899917,5.142772197723389,-6.620633125305176,0.4399999976158142,0.0,0.0,0.7697756290435791,0.6383144855499268,frame_1767629783.899917.pkl
903,00:13:38,818.6276111602783,1767629784.83369,5.117318153381348,-6.442748069763184,0.4399999976158142,0.0,0.0,0.7405018210411072,0.6720542311668396,frame_1767629784.83369.pkl
904,00:13:39,819.7876923084259,1767629785.993771,5.108457565307617,-6.215360641479492,0.4399999976158142,0.0,0.0,0.6990991234779358,0.7150247693061829,frame_1767629785.993771.pkl
905,00:13:40,820.7119688987732,1767629786.9180477,5.1191205978393555,-6.069247245788574,0.4399999976158142,0.0,0.0,0.6712233424186707,0.7412552237510681,frame_1767629786.9180477.pkl
906,00:13:41,821.5991499423981,1767629787.8052287,5.134839057922363,-5.870839595794678,0.4399999976158142,0.0,0.0,0.6889758110046387,0.724784255027771,frame_1767629787.8052287.pkl
907,00:13:42,822.467339515686,1767629788.6734183,5.134003639221191,-5.712850570678711,0.4399999976158142,0.0,0.0,0.7271449565887451,0.6864840388298035,frame_1767629788.6734183.pkl
908,00:13:43,823.3711309432983,1767629789.5772097,5.107923984527588,-5.48481559753418,0.4399999976158142,0.0,0.0,0.7651671171188354,0.6438319087028503,frame_1767629789.5772097.pkl
909,00:13:44,824.3858377933502,1767629790.5919166,5.065763473510742,-5.2970991134643555,0.4399999976158142,0.0,0.0,0.7793071866035461,0.6266419291496277,frame_1767629790.5919166.pkl
910,00:13:45,825.3361423015594,1767629791.542221,5.065763473510742,-5.2970991134643555,0.4399999976158142,0.0,0.0,0.6458454728126526,0.7634680867195129,frame_1767629791.542221.pkl
911,00:13:46,826.2790281772614,1767629792.485107,5.065763473510742,-5.2970991134643555,0.4399999976158142,0.0,0.0,0.448184609413147,0.8939410448074341,frame_1767629792.485107.pkl
912,00:13:47,827.1771652698517,1767629793.383244,5.076510429382324,-5.288636207580566,0.4399999976158142,0.0,0.0,0.3253745138645172,0.9455852508544922,frame_1767629793.383244.pkl
913,00:13:48,828.0484590530396,1767629794.2545378,5.187002182006836,-5.208676338195801,0.4399999976158142,0.0,0.0,0.29452016949653625,0.9556452631950378,frame_1767629794.2545378.pkl
914,00:13:48,828.8849949836731,1767629795.0910738,5.30164098739624,-5.126328468322754,0.4399999976158142,0.0,0.0,0.31920933723449707,0.9476842284202576,frame_1767629795.0910738.pkl
915,00:13:49,829.8236155509949,1767629796.0296943,5.484243869781494,-4.972447872161865,0.4399999976158142,0.0,0.0,0.36836811900138855,0.9296799898147583,frame_1767629796.0296943.pkl
916,00:13:50,830.7558462619781,1767629796.961925,5.624879360198975,-4.825516223907471,0.4399999976158142,0.0,0.0,0.4131973385810852,0.9106414914131165,frame_1767629796.961925.pkl
917,00:13:51,831.6876406669617,1767629797.8937194,5.7627339363098145,-4.66014289855957,0.4399999976158142,0.0,0.0,0.43516358733177185,0.9003514051437378,frame_1767629797.8937194.pkl
918,00:13:52,832.711133480072,1767629798.9172122,5.880768775939941,-4.507594108581543,0.4399999976158142,0.0,0.0,0.46590355038642883,0.8848354816436768,frame_1767629798.9172122.pkl
919,00:13:53,833.7294776439667,1767629799.9355564,5.880768775939941,-4.507594108581543,0.4399999976158142,0.0,0.0,0.6886799335479736,0.7250654101371765,frame_1767629799.9355564.pkl
920,00:13:54,834.6198883056641,1767629800.825967,5.880768775939941,-4.507594108581543,0.4399999976158142,0.0,0.0,0.8331103324890137,0.5531066656112671,frame_1767629800.825967.pkl
921,00:13:55,835.4583857059479,1767629801.6644645,5.880768775939941,-4.507594108581543,0.4399999976158142,0.0,0.0,0.9355123043060303,0.35329392552375793,frame_1767629801.6644645.pkl
922,00:13:56,836.3848705291748,1767629802.5909493,5.880768775939941,-4.507594108581543,0.4399999976158142,0.0,0.0,0.9938356280326843,0.1108633503317833,frame_1767629802.5909493.pkl
923,00:13:57,837.4110288619995,1767629803.6171076,5.880768775939941,-4.507594108581543,0.4399999976158142,0.0,0.0,0.9866417050361633,-0.16290535032749176,frame_1767629803.6171076.pkl
924,00:13:58,838.2991251945496,1767629804.505204,5.880768775939941,-4.507594108581543,0.4399999976158142,0.0,0.0,0.9331327676773071,-0.35953208804130554,frame_1767629804.505204.pkl
925,00:13:59,839.258627653122,1767629805.4647064,5.866639614105225,-4.52677059173584,0.4399999976158142,0.0,0.0,0.8923021554946899,-0.4514386057853699,frame_1767629805.4647064.pkl
926,00:14:00,840.2057952880859,1767629806.411874,5.727715492248535,-4.718837738037109,0.4399999976158142,0.0,0.0,0.8913971185684204,-0.4532231390476227,frame_1767629806.411874.pkl
927,00:14:01,841.3422815799713,1767629807.5483603,5.568165302276611,-4.917138576507568,0.4399999976158142,0.0,0.0,0.9146215915679932,-0.40431082248687744,frame_1767629807.5483603.pkl
928,00:14:02,842.4608039855957,1767629808.6668828,5.5434722900390625,-4.93784236907959,0.4399999976158142,0.0,0.0,0.937934160232544,-0.34681326150894165,frame_1767629808.6668828.pkl
929,00:14:03,843.5438237190247,1767629809.7499025,5.399048328399658,-5.078019142150879,0.4399999976158142,0.0,0.0,0.9102542996406555,-0.41404953598976135,frame_1767629809.7499025.pkl
930,00:14:04,844.6272451877594,1767629810.833324,5.399048328399658,-5.078019142150879,0.4399999976158142,0.0,0.0,-0.8526583909988403,0.5224688053131104,frame_1767629810.833324.pkl
931,00:14:05,845.596328496933,1767629811.8024073,5.395596027374268,-5.092196941375732,0.4399999976158142,0.0,0.0,-0.7841184735298157,0.6206109523773193,frame_1767629811.8024073.pkl
932,00:14:06,846.5478329658508,1767629812.7539117,5.37121057510376,-5.235416412353516,0.4399999976158142,0.0,0.0,-0.7464735507965088,0.6654150485992432,frame_1767629812.7539117.pkl
933,00:14:07,847.4151721000671,1767629813.6212509,5.356234550476074,-5.370262622833252,0.4399999976158142,0.0,0.0,-0.7457020878791809,0.6662795543670654,frame_1767629813.6212509.pkl
934,00:14:08,848.4333534240723,1767629814.6394322,5.32385778427124,-5.601122856140137,0.4399999976158142,0.0,0.0,-0.7635644674301147,0.6457316279411316,frame_1767629814.6394322.pkl
935,00:14:10,850.0819289684296,1767629816.2880077,5.322792053222656,-5.607446193695068,0.4399999976158142,0.0,0.0,-0.763674259185791,0.6456018090248108,frame_1767629816.2880077.pkl
936,00:14:10,850.9459056854248,1767629817.1519845,5.302197456359863,-5.727171421051025,0.4399999976158142,0.0,0.0,-0.765751838684082,0.6431362628936768,frame_1767629817.1519845.pkl
937,00:14:11,851.8414993286133,1767629818.047578,5.280818939208984,-5.846822261810303,0.4399999976158142,0.0,0.0,-0.7676579356193542,0.6408596038818359,frame_1767629818.047578.pkl
938,00:14:13,853.6488273143768,1767629819.854906,5.213809490203857,-6.206345558166504,0.4399999976158142,0.0,0.0,-0.7706842422485352,0.637217104434967,frame_1767629819.854906.pkl
939,00:14:14,854.4766848087311,1767629820.6827636,5.213809490203857,-6.206345558166504,0.4399999976158142,0.0,0.0,-0.7706842422485352,0.637217104434967,frame_1767629820.6827636.pkl
940,00:14:15,855.4057202339172,1767629821.611799,5.210718631744385,-6.222629547119141,0.4399999976158142,0.0,0.0,-0.7696155905723572,0.6385074853897095,frame_1767629821.611799.pkl
941,00:14:16,856.337640285492,1767629822.543719,5.172622203826904,-6.45566987991333,0.4399999976158142,0.0,0.0,-0.7541259527206421,0.6567299365997314,frame_1767629822.543719.pkl
942,00:14:17,857.3047363758087,1767629823.5108151,5.147216320037842,-6.675073623657227,0.4399999976158142,0.0,0.0,-0.738393247127533,0.674370527267456,frame_1767629823.5108151.pkl
943,00:14:18,858.1430079936981,1767629824.3490868,5.138548374176025,-6.79581356048584,0.4399999976158142,0.0,0.0,-0.7263244390487671,0.6873520612716675,frame_1767629824.3490868.pkl
944,00:14:19,859.0470175743103,1767629825.2530963,5.130959987640381,-6.985784530639648,0.4399999976158142,0.0,0.0,-0.7157353758811951,0.6983715891838074,frame_1767629825.2530963.pkl
945,00:14:19,859.8701963424683,1767629826.076275,5.128756999969482,-7.145753860473633,0.4399999976158142,0.0,0.0,-0.7092254161834717,0.7049816846847534,frame_1767629826.076275.pkl
946,00:14:20,860.8195252418518,1767629827.025604,5.127379417419434,-7.361163139343262,0.4399999976158142,0.0,0.0,-0.7097971439361572,0.7044061422348022,frame_1767629827.025604.pkl
947,00:14:21,861.6647737026215,1767629827.8708525,5.125455856323242,-7.521294593811035,0.4399999976158142,0.0,0.0,-0.713056743144989,0.7011062502861023,frame_1767629827.8708525.pkl
948,00:14:22,862.5888197422028,1767629828.7948985,5.119606971740723,-7.7530364990234375,0.4399999976158142,0.0,0.0,-0.719090461730957,0.6949164867401123,frame_1767629828.7948985.pkl
949,00:14:23,863.3994929790497,1767629829.6055717,5.113186359405518,-7.907607078552246,0.4399999976158142,0.0,0.0,-0.7245905995368958,0.689179539680481,frame_1767629829.6055717.pkl
950,00:14:24,864.2424077987671,1767629830.4484866,5.106082916259766,-8.024480819702148,0.4399999976158142,0.0,0.0,-0.7308990359306335,0.6824855804443359,frame_1767629830.4484866.pkl
951,00:14:25,865.1170825958252,1767629831.3231614,5.092525482177734,-8.211935043334961,0.4399999976158142,0.0,0.0,-0.7332664132118225,0.6799414753913879,frame_1767629831.3231614.pkl
952,00:14:26,866.0517377853394,1767629832.2578166,5.079042911529541,-8.389631271362305,0.4399999976158142,0.0,0.0,-0.7341587543487549,0.6789777874946594,frame_1767629832.2578166.pkl
953,00:14:26,866.8899078369141,1767629833.0959866,5.060184001922607,-8.604207992553711,0.4399999976158142,0.0,0.0,-0.7412871718406677,0.6711880564689636,frame_1767629833.0959866.pkl
954,00:14:27,867.7725055217743,1767629833.9785843,5.042178153991699,-8.764629364013672,0.4399999976158142,0.0,0.0,-0.7492216229438782,0.6623194813728333,frame_1767629833.9785843.pkl
955,00:14:28,868.8138535022736,1767629835.0199323,5.0254950523376465,-8.899965286254883,0.4399999976158142,0.0,0.0,-0.7490060925483704,0.6625630259513855,frame_1767629835.0199323.pkl
956,00:14:29,869.8109037876129,1767629836.0169826,5.023190021514893,-8.918985366821289,0.4399999976158142,0.0,0.0,-0.7477641105651855,0.6639644503593445,frame_1767629836.0169826.pkl
957,00:14:30,870.8017902374268,1767629837.007869,5.005455017089844,-9.092864036560059,0.4399999976158142,0.0,0.0,-0.7362760901451111,0.6766812801361084,frame_1767629837.007869.pkl
958,00:14:31,871.6574175357819,1767629837.8634963,4.996659278869629,-9.21455192565918,0.4399999976158142,0.0,0.0,-0.7278959155082703,0.685687780380249,frame_1767629837.8634963.pkl
959,00:14:32,872.4437141418457,1767629838.649793,4.996659278869629,-9.21455192565918,0.4399999976158142,0.0,0.0,-0.7388640642166138,0.6738544702529907,frame_1767629838.649793.pkl
960,00:14:33,873.2831313610077,1767629839.4892101,4.996659278869629,-9.21455192565918,0.4399999976158142,0.0,0.0,-0.8282362818717957,0.5603788495063782,frame_1767629839.4892101.pkl
961,00:14:34,874.1943883895874,1767629840.4004672,4.996659278869629,-9.21455192565918,0.4399999976158142,0.0,0.0,0.8981078863143921,-0.43977516889572144,frame_1767629840.4004672.pkl
962,00:14:35,875.0307395458221,1767629841.2368183,4.9895734786987305,-9.223665237426758,0.4399999976158142,0.0,0.0,0.8985527753829956,-0.4388654828071594,frame_1767629841.2368183.pkl
963,00:14:35,875.9389309883118,1767629842.1450098,4.909933090209961,-9.323524475097656,0.4399999976158142,0.0,0.0,0.9034284949302673,-0.42873886227607727,frame_1767629842.1450098.pkl
964,00:14:36,876.954018831253,1767629843.1600976,4.816920757293701,-9.434310913085938,0.4399999976158142,0.0,0.0,0.9110094308853149,-0.412385493516922,frame_1767629843.1600976.pkl
965,00:14:37,877.9287846088409,1767629844.1348634,4.710522174835205,-9.545879364013672,0.4399999976158142,0.0,0.0,0.928019642829895,-0.3725314140319824,frame_1767629844.1348634.pkl
966,00:14:38,878.753520488739,1767629844.9595993,4.651724815368652,-9.598206520080566,0.4399999976158142,0.0,0.0,0.9439877867698669,-0.3299802839756012,frame_1767629844.9595993.pkl
967,00:14:39,879.6477150917053,1767629845.8537939,4.651724815368652,-9.598206520080566,0.4399999976158142,0.0,0.0,0.975884735584259,-0.21828648447990417,frame_1767629845.8537939.pkl
968,00:14:40,880.5263473987579,1767629846.7324262,4.651724815368652,-9.598206520080566,0.4399999976158142,0.0,0.0,0.9935420155525208,-0.11346445232629776,frame_1767629846.7324262.pkl
969,00:14:41,881.831859588623,1767629848.0379384,4.651724815368652,-9.598206520080566,0.4399999976158142,0.0,0.0,0.9958432912826538,-0.09108307957649231,frame_1767629848.0379384.pkl
970,00:14:42,882.6714863777161,1767629848.8775651,4.651724815368652,-9.598206520080566,0.4399999976158142,0.0,0.0,0.9940881729125977,0.10857585072517395,frame_1767629848.8775651.pkl
971,00:14:43,883.5459978580475,1767629849.7520766,4.651724815368652,-9.598206520080566,0.4399999976158142,0.0,0.0,0.9527014493942261,0.3039075434207916,frame_1767629849.7520766.pkl
972,00:14:44,884.3875241279602,1767629850.593603,4.651724815368652,-9.598206520080566,0.4399999976158142,0.0,0.0,0.8608834743499756,0.5088019371032715,frame_1767629850.593603.pkl
973,00:14:45,885.2539732456207,1767629851.460052,4.651724815368652,-9.598206520080566,0.4399999976158142,0.0,0.0,0.7426373362541199,0.6696938276290894,frame_1767629851.460052.pkl
974,00:14:46,886.2901718616486,1767629852.4962506,4.651724815368652,-9.598206520080566,0.4399999976158142,0.0,0.0,0.7339093089103699,0.6792474985122681,frame_1767629852.4962506.pkl
975,00:14:47,887.3262739181519,1767629853.5323527,4.651724815368652,-9.598206520080566,0.4399999976158142,0.0,0.0,0.6302655339241028,0.7763796448707581,frame_1767629853.5323527.pkl
976,00:14:48,888.3230245113373,1767629854.5291033,4.651724815368652,-9.598206520080566,0.4399999976158142,0.0,0.0,0.6241239905357361,0.7813252806663513,frame_1767629854.5291033.pkl
977,00:14:49,889.1890625953674,1767629855.3951414,4.651724815368652,-9.598206520080566,0.4399999976158142,0.0,0.0,0.5752850770950317,0.8179529309272766,frame_1767629855.3951414.pkl
978,00:14:50,890.0359961986542,1767629856.242075,4.660417079925537,-9.580911636352539,0.4399999976158142,0.0,0.0,0.5221467614173889,0.8528556227684021,frame_1767629856.242075.pkl
979,00:14:50,890.8350079059601,1767629857.0410867,4.719989776611328,-9.473946571350098,0.4399999976158142,0.0,0.0,0.492745041847229,0.8701737523078918,frame_1767629857.0410867.pkl
980,00:14:51,891.8420872688293,1767629858.048166,4.806926727294922,-9.33578872680664,0.4399999976158142,0.0,0.0,0.4744567573070526,0.8802788257598877,frame_1767629858.048166.pkl
981,00:14:52,892.6709523200989,1767629858.877031,4.875685691833496,-9.233085632324219,0.4399999976158142,0.0,0.0,0.4737456142902374,0.8806617259979248,frame_1767629858.877031.pkl
982,00:14:53,893.4914107322693,1767629859.6974895,4.95871639251709,-9.097952842712402,0.4399999976158142,0.0,0.0,0.5044852495193481,0.863420307636261,frame_1767629859.6974895.pkl
983,00:14:54,894.4531967639923,1767629860.6592755,5.032207489013672,-8.94793701171875,0.4399999976158142,0.0,0.0,0.5516151785850525,0.8340986967086792,frame_1767629860.6592755.pkl
984,00:14:55,895.332567691803,1767629861.5386465,5.10661506652832,-8.747608184814453,0.4399999976158142,0.0,0.0,0.5902069807052612,0.8072519302368164,frame_1767629861.5386465.pkl
985,00:14:56,896.1592609882355,1767629862.3653398,5.14702844619751,-8.605217933654785,0.4399999976158142,0.0,0.0,0.6157467365264893,0.7879441380500793,frame_1767629862.3653398.pkl
986,00:14:57,897.1792993545532,1767629863.3853781,5.151090621948242,-8.588363647460938,0.4399999976158142,0.0,0.0,0.6222107410430908,0.7828497886657715,frame_1767629863.3853781.pkl
987,00:14:58,898.0568156242371,1767629864.2628944,5.17045259475708,-8.479232788085938,0.4399999976158142,0.0,0.0,0.6626766324043274,0.7489057183265686,frame_1767629864.2628944.pkl
988,00:14:58,898.9832656383514,1767629865.1893444,5.177906036376953,-8.373777389526367,0.4399999976158142,0.0,0.0,0.7060306668281555,0.7081813216209412,frame_1767629865.1893444.pkl
989,00:14:59,899.857118844986,1767629866.0631976,5.175004005432129,-8.349702835083008,0.4399999976158142,0.0,0.0,0.7504253387451172,0.6609550714492798,frame_1767629866.0631976.pkl
990,00:15:00,900.635048866272,1767629866.8411276,5.145333290100098,-8.176834106445312,0.4399999976158142,0.0,0.0,0.7770945429801941,0.6293838024139404,frame_1767629866.8411276.pkl
991,00:15:01,901.538215637207,1767629867.7442944,5.1037774085998535,-7.999256134033203,0.4399999976158142,0.0,0.0,0.7895649075508118,0.613666832447052,frame_1767629867.7442944.pkl
992,00:15:02,902.4164323806763,1767629868.6225111,5.075660228729248,-7.8921051025390625,0.4399999976158142,0.0,0.0,0.7973088026046753,0.6035716533660889,frame_1767629868.6225111.pkl
993,00:15:03,903.2802565097809,1767629869.4863353,5.075660228729248,-7.8921051025390625,0.4399999976158142,0.0,0.0,0.8656318783760071,0.5006811618804932,frame_1767629869.4863353.pkl
994,00:15:04,904.3335392475128,1767629870.539618,5.075660228729248,-7.8921051025390625,0.4399999976158142,0.0,0.0,0.9281097650527954,0.3723066747188568,frame_1767629870.539618.pkl
995,00:15:05,905.2848596572876,1767629871.4909384,5.06906270980835,-7.8877081871032715,0.4399999976158142,0.0,0.0,0.9572891592979431,0.289132297039032,frame_1767629871.4909384.pkl
996,00:15:06,906.229900598526,1767629872.4359794,4.918873310089111,-7.792040824890137,0.4399999976158142,0.0,0.0,0.9617153406143188,0.27405044436454773,frame_1767629872.4359794.pkl
997,00:15:07,907.1267454624176,1767629873.3328242,4.792571067810059,-7.710712432861328,0.4399999976158142,0.0,0.0,0.9561691284179688,0.29281479120254517,frame_1767629873.3328242.pkl
998,00:15:08,908.1297178268433,1767629874.3357966,4.6737751960754395,-7.622086524963379,0.4399999976158142,0.0,0.0,0.9442622065544128,0.32919421792030334,frame_1767629874.3357966.pkl
999,00:15:09,909.0965371131897,1767629875.302616,4.508381366729736,-7.488117218017578,0.4399999976158142,0.0,0.0,0.9413796663284302,0.3373488485813141,frame_1767629875.302616.pkl
1000,00:15:09,909.9698994159698,1767629876.1759782,4.3998565673828125,-7.399901390075684,0.4399999976158142,0.0,0.0,0.9451565742492676,0.32661738991737366,frame_1767629876.1759782.pkl
1001,00:15:10,910.8171601295471,1767629877.023239,4.3998565673828125,-7.399901390075684,0.4399999976158142,0.0,0.0,0.9737740755081177,0.22751691937446594,frame_1767629877.023239.pkl
1002,00:15:11,911.7054510116577,1767629877.9115298,4.3998565673828125,-7.399901390075684,0.4399999976158142,0.0,0.0,0.9933054447174072,0.11551719903945923,frame_1767629877.9115298.pkl
1003,00:15:12,912.6179573535919,1767629878.8240361,4.372188091278076,-7.397583484649658,0.4399999976158142,0.0,0.0,0.9992108345031738,0.03972157463431358,frame_1767629878.8240361.pkl
1004,00:15:13,913.41437292099,1767629879.6204517,4.214644908905029,-7.388373851776123,0.4399999976158142,0.0,0.0,0.9997771978378296,0.021110087633132935,frame_1767629879.6204517.pkl
1005,00:15:14,914.2339544296265,1767629880.4400332,4.051644325256348,-7.37985897064209,0.4399999976158142,0.0,0.0,0.9994521737098694,0.033097535371780396,frame_1767629880.4400332.pkl
1006,00:15:15,915.1337997913361,1767629881.3398786,3.927384853363037,-7.36831521987915,0.4399999976158142,0.0,0.0,0.9984498023986816,0.05566036328673363,frame_1767629881.3398786.pkl
1007,00:15:16,916.1893334388733,1767629882.3954122,3.7153100967407227,-7.344910621643066,0.4399999976158142,0.0,0.0,0.9985804557800293,0.053263816982507706,frame_1767629882.3954122.pkl
1008,00:15:17,917.021297454834,1767629883.2273762,3.556089401245117,-7.330138206481934,0.4399999976158142,0.0,0.0,0.9992684125900269,0.038243114948272705,frame_1767629883.2273762.pkl
1009,00:15:17,917.9038991928101,1767629884.109978,3.346195697784424,-7.319640636444092,0.4399999976158142,0.0,0.0,0.9999439716339111,0.010582417249679565,frame_1767629884.109978.pkl
1010,00:15:18,918.8868653774261,1767629885.0929441,3.155564785003662,-7.321882724761963,0.4399999976158142,0.0,0.0,0.9997986555099487,-0.020066022872924805,frame_1767629885.0929441.pkl
1011,00:15:19,919.7690892219543,1767629885.975168,2.936051845550537,-7.334895133972168,0.4399999976158142,0.0,0.0,0.9992383718490601,-0.039020806550979614,frame_1767629885.975168.pkl
1012,00:15:20,920.7973427772522,1767629887.0034215,2.768458127975464,-7.349919319152832,0.4399999976158142,0.0,0.0,0.9984538555145264,-0.055588096380233765,frame_1767629887.0034215.pkl
1013,00:15:21,921.828706741333,1767629888.0347855,2.768458127975464,-7.349919319152832,0.4399999976158142,0.0,0.0,0.9921992421150208,-0.1246623694896698,frame_1767629888.0347855.pkl
1014,00:15:22,922.7573697566986,1767629888.9634485,2.768458127975464,-7.349919319152832,0.4399999976158142,0.0,0.0,0.9921992421150208,-0.1246623694896698,frame_1767629888.9634485.pkl
1015,00:15:23,923.6132850646973,1767629889.8193638,2.7596426010131836,-7.352166175842285,0.4399999976158142,0.0,0.0,0.9922518730163574,-0.12424320727586746,frame_1767629889.8193638.pkl
1016,00:15:24,924.5384039878845,1767629890.7444828,2.538989305496216,-7.405855178833008,0.4399999976158142,0.0,0.0,0.9935082197189331,-0.11376000195741653,frame_1767629890.7444828.pkl
1017,00:15:25,925.3884456157684,1767629891.5945244,2.3504905700683594,-7.447816848754883,0.4399999976158142,0.0,0.0,0.9945352077484131,-0.1044018566608429,frame_1767629891.5945244.pkl
1018,00:15:26,926.2065353393555,1767629892.412614,2.2511277198791504,-7.468157768249512,0.4399999976158142,0.0,0.0,0.9968225359916687,-0.07965418696403503,frame_1767629892.412614.pkl
1019,00:15:27,927.204891204834,1767629893.41097,2.2511277198791504,-7.468157768249512,0.4399999976158142,0.0,0.0,0.98099684715271,0.19402378797531128,frame_1767629893.41097.pkl
1020,00:15:29,929.1378664970398,1767629895.3439453,2.2511277198791504,-7.468157768249512,0.4399999976158142,0.0,0.0,0.7836558222770691,0.6211953163146973,frame_1767629895.3439453.pkl
1021,00:15:29,929.9839260578156,1767629896.1900048,2.2511277198791504,-7.468157768249512,0.4399999976158142,0.0,0.0,0.6252191662788391,0.7804492115974426,frame_1767629896.1900048.pkl
1022,00:15:30,930.9053106307983,1767629897.1113894,2.2511277198791504,-7.468157768249512,0.4399999976158142,0.0,0.0,0.44655877351760864,0.8947542905807495,frame_1767629897.1113894.pkl
1023,00:15:32,932.6587059497833,1767629898.8647847,2.2511277198791504,-7.468157768249512,0.4399999976158142,0.0,0.0,0.44655877351760864,0.8947542905807495,frame_1767629898.8647847.pkl
1024,00:15:33,933.7256255149841,1767629899.9317043,2.2511277198791504,-7.468157768249512,0.4399999976158142,0.0,0.0,0.2423066645860672,0.970199704170227,frame_1767629899.9317043.pkl
1025,00:15:34,934.660046339035,1767629900.866125,2.2511277198791504,-7.468157768249512,0.4399999976158142,0.0,0.0,0.05619192123413086,0.998420000076294,frame_1767629900.866125.pkl
1026,00:15:35,935.5819942951202,1767629901.788073,2.2670421600341797,-7.468832015991211,0.4399999976158142,0.0,0.0,-0.02077457308769226,0.9997841715812683,frame_1767629901.788073.pkl
1027,00:15:36,936.5972537994385,1767629902.8033326,2.389132022857666,-7.473287582397461,0.4399999976158142,0.0,0.0,-0.013324261642992496,0.9999112486839294,frame_1767629902.8033326.pkl
1028,00:15:37,937.4176831245422,1767629903.623762,2.4824259281158447,-7.472403526306152,0.4399999976158142,0.0,0.0,0.03969481959939003,0.999211847782135,frame_1767629903.623762.pkl
1029,00:15:38,938.3284635543823,1767629904.5345423,2.4824259281158447,-7.472403526306152,0.4399999976158142,0.0,0.0,0.18643249571323395,0.982467770576477,frame_1767629904.5345423.pkl
1030,00:15:39,939.2547025680542,1767629905.4607813,2.4824259281158447,-7.472403526306152,0.4399999976158142,0.0,0.0,0.3245835304260254,0.945857048034668,frame_1767629905.4607813.pkl
1031,00:15:40,940.1551158428192,1767629906.3611946,2.4925661087036133,-7.461777687072754,0.4399999976158142,0.0,0.0,0.3940548002719879,0.9190869331359863,frame_1767629906.3611946.pkl
1032,00:15:41,941.0679364204407,1767629907.2740152,2.6204609870910645,-7.32338285446167,0.4399999976158142,0.0,0.0,0.4054778218269348,0.9141048789024353,frame_1767629907.2740152.pkl
1033,00:15:41,941.9523251056671,1767629908.1584039,2.7245030403137207,-7.212002754211426,0.4399999976158142,0.0,0.0,0.38941267132759094,0.9210633635520935,frame_1767629908.1584039.pkl
1034,00:15:42,942.9180345535278,1767629909.1241133,2.8198180198669434,-7.121179103851318,0.4399999976158142,0.0,0.0,0.35581493377685547,0.9345564246177673,frame_1767629909.1241133.pkl
1035,00:15:43,943.7611255645752,1767629909.9672043,2.9685251712799072,-6.992942810058594,0.4399999976158142,0.0,0.0,0.3412701189517975,0.9399652481079102,frame_1767629909.9672043.pkl
1036,00:15:44,944.6980712413788,1767629910.90415,3.1030330657958984,-6.881450176239014,0.4399999976158142,0.0,0.0,0.33739033341407776,0.9413648247718811,frame_1767629910.90415.pkl
1037,00:15:45,945.5574457645416,1767629911.7635245,3.180917263031006,-6.8171892166137695,0.4399999976158142,0.0,0.0,0.3548177480697632,0.9349355101585388,frame_1767629911.7635245.pkl
1038,00:15:46,946.4758250713348,1767629912.6819038,3.180917263031006,-6.8171892166137695,0.4399999976158142,0.0,0.0,0.47927922010421753,0.8776624798774719,frame_1767629912.6819038.pkl
1039,00:15:47,947.2989938259125,1767629913.5050726,3.180917263031006,-6.8171892166137695,0.4399999976158142,0.0,0.0,0.6172453761100769,0.7867707014083862,frame_1767629913.5050726.pkl
1040,00:15:48,948.2128775119781,1767629914.4189563,3.1817445755004883,-6.79722261428833,0.4399999976158142,0.0,0.0,0.6938759684562683,0.7200944423675537,frame_1767629914.4189563.pkl
1041,00:15:49,949.1411237716675,1767629915.3472025,3.1815779209136963,-6.598491191864014,0.4399999976158142,0.0,0.0,0.7167128324508667,0.6973685026168823,frame_1767629915.3472025.pkl
1042,00:15:50,950.1389269828796,1767629916.3450058,3.1786396503448486,-6.412829399108887,0.4399999976158142,0.0,0.0,0.7065693140029907,0.7076436877250671,frame_1767629916.3450058.pkl
1043,00:15:51,951.0299572944641,1767629917.236036,3.1834092140197754,-6.296319961547852,0.4399999976158142,0.0,0.0,0.6812705993652344,0.7320317029953003,frame_1767629917.236036.pkl
1044,00:15:52,952.0639069080353,1767629918.2699857,3.2059357166290283,-6.049699306488037,0.4399999976158142,0.0,0.0,0.6681731939315796,0.7440057396888733,frame_1767629918.2699857.pkl
1045,00:15:52,952.9993848800659,1767629919.2054636,3.227956771850586,-5.849553108215332,0.4399999976158142,0.0,0.0,0.6686657667160034,0.7435631155967712,frame_1767629919.2054636.pkl
1046,00:15:53,953.827038526535,1767629920.0331173,3.249117851257324,-5.610729217529297,0.4399999976158142,0.0,0.0,0.6829696893692017,0.7304465770721436,frame_1767629920.0331173.pkl
1047,00:15:54,954.8010375499725,1767629921.0071163,3.257005214691162,-5.416867733001709,0.4399999976158142,0.0,0.0,0.7036954760551453,0.7105017304420471,frame_1767629921.0071163.pkl
1048,00:15:55,955.6926090717316,1767629921.8986878,3.2541184425354004,-5.303476333618164,0.4399999976158142,0.0,0.0,0.725294828414917,0.688438355922699,frame_1767629921.8986878.pkl
1049,00:15:56,956.6741647720337,1767629922.8802435,3.239422082901001,-5.085147380828857,0.4399999976158142,0.0,0.0,0.7348441481590271,0.6782360076904297,frame_1767629922.8802435.pkl
1050,00:15:57,957.6185805797577,1767629923.8246593,3.2233526706695557,-4.888796329498291,0.4399999976158142,0.0,0.0,0.7344386577606201,0.6786750555038452,frame_1767629923.8246593.pkl
1051,00:15:58,958.610755443573,1767629924.8168342,3.2068467140197754,-4.636834144592285,0.4399999976158142,0.0,0.0,0.7249371409416199,0.6888149380683899,frame_1767629924.8168342.pkl
1052,00:15:59,959.4298601150513,1767629925.635939,3.200822353363037,-4.457968711853027,0.4399999976158142,0.0,0.0,0.7116056680679321,0.7025790214538574,frame_1767629925.635939.pkl
1053,00:16:00,960.2947235107422,1767629926.5008023,3.2006452083587646,-4.343994140625,0.4399999976158142,0.0,0.0,0.7070144414901733,0.7071990966796875,frame_1767629926.5008023.pkl
1054,00:16:01,961.1571879386902,1767629927.3632667,3.2006454467773438,-4.13969087600708,0.4399999976158142,0.0,0.0,0.707021176815033,0.7071923613548279,frame_1767629927.3632667.pkl
1055,00:16:02,962.0347254276276,1767629928.2408042,3.200645923614502,-3.9831225872039795,0.4399999976158142,0.0,0.0,0.707021176815033,0.7071923613548279,frame_1767629928.2408042.pkl
1056,00:16:04,964.6574323177338,1767629930.863511,3.2006454467773438,-3.9699180126190186,0.4399999976158142,0.0,0.0,0.707021176815033,0.7071923613548279,frame_1767629930.863511.pkl
1057,00:16:07,967.1357254981995,1767629933.3418043,3.2006454467773438,-3.9699180126190186,0.4399999976158142,0.0,0.0,0.707021176815033,0.7071923613548279,frame_1767629933.3418043.pkl
1058,00:16:09,969.6154189109802,1767629935.8214977,3.2006454467773438,-3.9699180126190186,0.4399999976158142,0.0,0.0,0.707021176815033,0.7071923613548279,frame_1767629935.8214977.pkl
1059,00:16:12,972.0636863708496,1767629938.2697651,3.2006454467773438,-3.9699180126190186,0.4399999976158142,0.0,0.0,0.707021176815033,0.7071923613548279,frame_1767629938.2697651.pkl
1060,00:16:14,974.3994245529175,1767629940.6055033,3.2006454467773438,-3.9699180126190186,0.4399999976158142,0.0,0.0,0.707021176815033,0.7071923613548279,frame_1767629940.6055033.pkl
1061,00:16:17,977.0347325801849,1767629943.2408113,3.2006454467773438,-3.9699180126190186,0.4399999976158142,0.0,0.0,0.707021176815033,0.7071923613548279,frame_1767629943.2408113.pkl
1062,00:16:19,979.5908241271973,1767629945.796903,3.2006454467773438,-3.9699180126190186,0.4399999976158142,0.0,0.0,0.707021176815033,0.7071923613548279,frame_1767629945.796903.pkl
1063,00:16:22,982.0472130775452,1767629948.2532918,3.2006454467773438,-3.9699180126190186,0.4399999976158142,0.0,0.0,0.707021176815033,0.7071923613548279,frame_1767629948.2532918.pkl
1064,00:16:24,984.6385509967804,1767629950.8446298,3.2006454467773438,-3.9699180126190186,0.4399999976158142,0.0,0.0,0.707021176815033,0.7071923613548279,frame_1767629950.8446298.pkl
1065,00:16:27,987.1630237102509,1767629953.3691025,3.2006454467773438,-3.9699180126190186,0.4399999976158142,0.0,0.0,0.707021176815033,0.7071923613548279,frame_1767629953.3691025.pkl
1066,00:16:29,989.975682258606,1767629956.181761,3.2006454467773438,-3.9699180126190186,0.4399999976158142,0.0,0.0,0.707021176815033,0.7071923613548279,frame_1767629956.181761.pkl
1067,00:16:32,992.3849930763245,1767629958.5910718,3.2006454467773438,-3.9699180126190186,0.4399999976158142,0.0,0.0,0.707021176815033,0.7071923613548279,frame_1767629958.5910718.pkl
1068,00:16:34,994.9072933197021,1767629961.113372,3.2006454467773438,-3.9699180126190186,0.4399999976158142,0.0,0.0,0.707021176815033,0.7071923613548279,frame_1767629961.113372.pkl
1069,00:16:37,997.3830487728119,1767629963.5891275,3.2006454467773438,-3.9699180126190186,0.4399999976158142,0.0,0.0,0.707021176815033,0.7071923613548279,frame_1767629963.5891275.pkl
1070,00:16:39,999.8375656604767,1767629966.0436444,3.2006454467773438,-3.9699180126190186,0.4399999976158142,0.0,0.0,0.707021176815033,0.7071923613548279,frame_1767629966.0436444.pkl
1071,00:16:42,1002.4157159328461,1767629968.6217947,3.2006454467773438,-3.9699180126190186,0.4399999976158142,0.0,0.0,0.707021176815033,0.7071923613548279,frame_1767629968.6217947.pkl
1072,00:16:44,1004.9292645454407,1767629971.1353433,3.2006454467773438,-3.9699180126190186,0.4399999976158142,0.0,0.0,0.707021176815033,0.7071923613548279,frame_1767629971.1353433.pkl
1073,00:16:47,1007.3343188762665,1767629973.5403976,3.2006454467773438,-3.9699180126190186,0.4399999976158142,0.0,0.0,0.707021176815033,0.7071923613548279,frame_1767629973.5403976.pkl
1074,00:16:49,1009.8873400688171,1767629976.0934188,3.2006454467773438,-3.9699180126190186,0.4399999976158142,0.0,0.0,0.707021176815033,0.7071923613548279,frame_1767629976.0934188.pkl
1075,00:16:52,1012.2945055961609,1767629978.5005844,3.2006454467773438,-3.9699180126190186,0.4399999976158142,0.0,0.0,0.707021176815033,0.7071923613548279,frame_1767629978.5005844.pkl
1076,00:16:54,1014.9635837078094,1767629981.1696625,3.2006454467773438,-3.9699180126190186,0.4399999976158142,0.0,0.0,0.707021176815033,0.7071923613548279,frame_1767629981.1696625.pkl
1077,00:16:57,1017.3734743595123,1767629983.5795531,3.2006454467773438,-3.9699180126190186,0.4399999976158142,0.0,0.0,0.707021176815033,0.7071923613548279,frame_1767629983.5795531.pkl
1078,00:16:59,1019.8373911380768,1767629986.04347,3.2006454467773438,-3.9699180126190186,0.4399999976158142,0.0,0.0,0.707021176815033,0.7071923613548279,frame_1767629986.04347.pkl
1079,00:17:02,1022.324657201767,1767629988.530736,3.2006454467773438,-3.9699180126190186,0.4399999976158142,0.0,0.0,0.707021176815033,0.7071923613548279,frame_1767629988.530736.pkl
1080,00:17:04,1024.7725629806519,1767629990.9786417,3.2006454467773438,-3.9699180126190186,0.4399999976158142,0.0,0.0,0.707021176815033,0.7071923613548279,frame_1767629990.9786417.pkl
1081,00:17:07,1027.3563888072968,1767629993.5624676,3.2006454467773438,-3.9699180126190186,0.4399999976158142,0.0,0.0,0.707021176815033,0.7071923613548279,frame_1767629993.5624676.pkl
1082,00:17:09,1029.9744927883148,1767629996.1805716,3.2006454467773438,-3.9699180126190186,0.4399999976158142,0.0,0.0,0.707021176815033,0.7071923613548279,frame_1767629996.1805716.pkl
1083,00:17:12,1032.477618932724,1767629998.6836977,3.2006454467773438,-3.9699180126190186,0.4399999976158142,0.0,0.0,0.707021176815033,0.7071923613548279,frame_1767629998.6836977.pkl
1084,00:17:15,1035.0146832466125,1767630001.220762,3.2006454467773438,-3.9699180126190186,0.4399999976158142,0.0,0.0,0.707021176815033,0.7071923613548279,frame_1767630001.220762.pkl
1085,00:17:17,1037.457019329071,1767630003.663098,3.2006454467773438,-3.9699180126190186,0.4399999976158142,0.0,0.0,0.707021176815033,0.7071923613548279,frame_1767630003.663098.pkl
1086,00:17:20,1040.0659220218658,1767630006.2720008,3.2006454467773438,-3.9699180126190186,0.4399999976158142,0.0,0.0,0.707021176815033,0.7071923613548279,frame_1767630006.2720008.pkl
