frame_index,video_time,video_time_seconds,timestamp,position_x,position_y,position_z,rotation_x,rotation_y,rotation_z,rotation_w,pkl_filename
0,00:00:00,0.0,1774541419.58576,0.0,-0.33000755310058594,0.4399999976158142,0.0,0.0,0.0,1.0,frame_1774541419.58576.pkl
1,00:00:00,0.6699674129486084,1774541420.2557275,0.0,-0.15500354766845703,0.4399999976158142,0.0,0.0,0.0,1.0,frame_1774541420.2557275.pkl
2,00:00:01,1.4261906147003174,1774541421.0119507,0.0,0.04499244689941406,0.4399999976158142,0.0,0.0,0.0,1.0,frame_1774541421.0119507.pkl
3,00:00:02,2.2139105796813965,1774541421.7996707,0.0,0.24495887756347656,0.4399999976158142,0.0,0.0,0.0,1.0,frame_1774541421.7996707.pkl
4,00:00:03,3.015667200088501,1774541422.6014273,0.0,0.4699211120605469,0.4399999976158142,0.0,0.0,0.0,1.0,frame_1774541422.6014273.pkl
5,00:00:03,3.832362413406372,1774541423.4181225,0.0,0.6698875427246094,0.4399999976158142,0.0,0.0,0.0,1.0,frame_1774541423.4181225.pkl
6,00:00:04,4.625917911529541,1774541424.211678,0.0,0.8698539733886719,0.4399999976158142,0.0,0.0,0.0,1.0,frame_1774541424.211678.pkl
7,00:00:05,5.3871519565582275,1774541424.972912,0.0,1.0448246002197266,0.4399999976158142,0.0,0.0,0.0,1.0,frame_1774541424.972912.pkl
8,00:00:06,6.0160253047943115,1774541425.6017854,0.0,1.1947994232177734,0.4399999976158142,0.0,0.0,0.0,1.0,frame_1774541425.6017854.pkl
9,00:00:06,6.642286777496338,1774541426.228047,0.0,1.2472906112670898,0.4399999976158142,0.0,0.0,0.0,1.0,frame_1774541426.228047.pkl
10,00:00:07,7.3033225536346436,1774541426.8890827,0.0,1.2472906112670898,0.4399999976158142,0.0,0.0,0.0,1.0,frame_1774541426.8890827.pkl
11,00:00:08,8.005226135253906,1774541427.5909863,0.0,1.2472906112670898,0.4399999976158142,0.0,0.0,0.0,1.0,frame_1774541427.5909863.pkl
12,00:00:08,8.681468486785889,1774541428.2672286,0.0,1.2472906112670898,0.4399999976158142,0.0,0.0,0.0,1.0,frame_1774541428.2672286.pkl
13,00:00:09,9.329773187637329,1774541428.9155333,0.0,1.1623048782348633,0.4399999976158142,0.0,0.0,0.0,1.0,frame_1774541428.9155333.pkl
14,00:00:10,10.04464864730835,1774541429.6304088,0.0,1.0123300552368164,0.4399999976158142,0.0,0.0,0.0,1.0,frame_1774541429.6304088.pkl
15,00:00:10,10.689159393310547,1774541430.2749195,0.0,0.8373594284057617,0.4399999976158142,0.0,0.0,0.0,1.0,frame_1774541430.2749195.pkl
16,00:00:11,11.36496877670288,1774541430.950729,0.0,0.662388801574707,0.4399999976158142,0.0,0.0,0.0,1.0,frame_1774541430.950729.pkl
17,00:00:12,12.067214012145996,1774541431.6529741,0.0,0.48741817474365234,0.4399999976158142,0.0,0.0,0.0,1.0,frame_1774541431.6529741.pkl
18,00:00:12,12.806822538375854,1774541432.3925827,0.12747859954833984,0.4149303436279297,0.4399999976158142,0.0,0.0,0.0,1.0,frame_1774541432.3925827.pkl
19,00:00:13,13.536372900009155,1774541433.122133,0.32744503021240234,0.4149303436279297,0.4399999976158142,0.0,0.0,0.0,1.0,frame_1774541433.122133.pkl
20,00:00:14,14.274760961532593,1774541433.860521,0.5274114608764648,0.4149303436279297,0.4399999976158142,0.0,0.0,0.0,1.0,frame_1774541433.860521.pkl
21,00:00:14,14.897407531738281,1774541434.4831676,0.5274114608764648,0.4149303436279297,0.4399999976158142,0.0,0.0,0.05244571343064308,0.998623788356781,frame_1774541434.4831676.pkl
22,00:00:15,15.569445610046387,1774541435.1552057,0.5274114608764648,0.4149303436279297,0.4399999976158142,0.0,0.0,0.11222436279058456,0.993682861328125,frame_1774541435.1552057.pkl
23,00:00:16,16.311389207839966,1774541435.8971493,0.5274114608764648,0.4149303436279297,0.4399999976158142,0.0,0.0,0.1716059297323227,0.9851656556129456,frame_1774541435.8971493.pkl
24,00:00:17,17.05506157875061,1774541436.6408217,0.5274114608764648,0.4149303436279297,0.4399999976158142,0.0,0.0,0.23036955296993256,0.9731032252311707,frame_1774541436.6408217.pkl
25,00:00:17,17.768149614334106,1774541437.3539097,0.5274114608764648,0.4149303436279297,0.4399999976158142,0.0,0.0,0.28111666440963745,0.9596735835075378,frame_1774541437.3539097.pkl
26,00:00:18,18.428112745285034,1774541438.0138729,0.5274114608764648,0.4149303436279297,0.4399999976158142,0.0,0.0,0.331088125705719,0.9435998201370239,frame_1774541438.0138729.pkl
27,00:00:19,19.062384128570557,1774541438.6481442,0.5274114608764648,0.4149303436279297,0.4399999976158142,0.0,0.0,0.3801474869251251,0.9249259233474731,frame_1774541438.6481442.pkl
28,00:00:19,19.722383499145508,1774541439.3081436,0.5274114608764648,0.4149303436279297,0.4399999976158142,0.0,0.0,0.4281596839427948,0.9037030935287476,frame_1774541439.3081436.pkl
29,00:00:20,20.364298343658447,1774541439.9500585,0.5274114608764648,0.4149303436279297,0.4399999976158142,0.0,0.0,0.4749920666217804,0.8799901008605957,frame_1774541439.9500585.pkl
30,00:00:21,21.052563905715942,1774541440.638324,0.5274114608764648,0.4149303436279297,0.4399999976158142,0.0,0.0,0.5269042253494263,0.8499246835708618,frame_1774541440.638324.pkl
31,00:00:21,21.780288219451904,1774541441.3660483,0.5274114608764648,0.4149303436279297,0.4399999976158142,0.0,0.0,0.5769199728965759,0.8168007135391235,frame_1774541441.3660483.pkl
32,00:00:22,22.52968978881836,1774541442.11545,0.5274114608764648,0.4149303436279297,0.4399999976158142,0.0,0.0,0.6248601675033569,0.7807366847991943,frame_1774541442.11545.pkl
33,00:00:23,23.528634071350098,1774541443.1143942,0.5274114608764648,0.4149303436279297,0.4399999976158142,0.0,0.0,0.6870728135108948,0.7265886068344116,frame_1774541443.1143942.pkl
34,00:00:24,24.417491912841797,1774541444.003252,0.5274114608764648,0.4149303436279297,0.4399999976158142,0.0,0.0,0.7345156073570251,0.678591787815094,frame_1774541444.003252.pkl
35,00:00:25,25.206395387649536,1774541444.7921555,0.5274114608764648,0.4149303436279297,0.4399999976158142,0.0,0.0,0.7786130309104919,0.6275045275688171,frame_1774541444.7921555.pkl
36,00:00:25,25.938188791275024,1774541445.523949,0.5274114608764648,0.4149303436279297,0.4399999976158142,0.0,0.0,0.8148393630981445,0.5796868205070496,frame_1774541445.523949.pkl
37,00:00:26,26.631617069244385,1774541446.2173772,0.5274114608764648,0.4149303436279297,0.4399999976158142,0.0,0.0,0.8441368937492371,0.5361281633377075,frame_1774541446.2173772.pkl
38,00:00:27,27.3047137260437,1774541446.8904738,0.5274114608764648,0.4149303436279297,0.4399999976158142,0.0,0.0,0.8747633099555969,0.4845505356788635,frame_1774541446.8904738.pkl
39,00:00:28,28.066327333450317,1774541447.6520875,0.5274114608764648,0.4149303436279297,0.4399999976158142,0.0,0.0,0.9009445905685425,0.4339340925216675,frame_1774541447.6520875.pkl
40,00:00:28,28.8173828125,1774541448.403143,0.5274114608764648,0.4149303436279297,0.4399999976158142,0.0,0.0,0.9236268401145935,0.38329294323921204,frame_1774541448.403143.pkl
41,00:00:29,29.603049755096436,1774541449.1888099,0.5274114608764648,0.4149303436279297,0.4399999976158142,0.0,0.0,0.9449472427368164,0.32722264528274536,frame_1774541449.1888099.pkl
42,00:00:30,30.38624596595764,1774541449.972006,0.5274114608764648,0.4149303436279297,0.4399999976158142,0.0,0.0,0.9648647904396057,0.2627469003200531,frame_1774541449.972006.pkl
43,00:00:31,31.135867834091187,1774541450.721628,0.5274114608764648,0.4149303436279297,0.4399999976158142,0.0,0.0,0.9788830280303955,0.204421266913414,frame_1774541450.721628.pkl
44,00:00:31,31.839558601379395,1774541451.4253187,0.5274114608764648,0.4149303436279297,0.4399999976158142,0.0,0.0,0.9893788695335388,0.14536000788211823,frame_1774541451.4253187.pkl
45,00:00:32,32.59956169128418,1774541452.1853218,0.5274114608764648,0.4149303436279297,0.4399999976158142,0.0,0.0,0.996314525604248,0.08577565103769302,frame_1774541452.1853218.pkl
46,00:00:33,33.28926920890808,1774541452.8750293,0.5274114608764648,0.4149303436279297,0.4399999976158142,0.0,0.0,0.9996650218963623,0.025882646441459656,frame_1774541452.8750293.pkl
47,00:00:33,33.99415636062622,1774541453.5799165,0.5274114608764648,0.4149303436279297,0.4399999976158142,0.0,0.0,0.9996459484100342,-0.026607543230056763,frame_1774541453.5799165.pkl
48,00:00:34,34.695441484451294,1774541454.2812016,0.5274114608764648,0.4149303436279297,0.4399999976158142,0.0,0.0,0.9962520003318787,-0.08649811148643494,frame_1774541454.2812016.pkl
49,00:00:35,35.452881813049316,1774541455.038642,0.5274114608764648,0.4149303436279297,0.4399999976158142,0.0,0.0,0.9892731308937073,-0.14607752859592438,frame_1774541455.038642.pkl
50,00:00:36,36.170642137527466,1774541455.7564023,0.5274114608764648,0.4149303436279297,0.4399999976158142,0.0,0.0,0.9787341952323914,-0.20513252913951874,frame_1774541455.7564023.pkl
51,00:00:36,36.92220950126648,1774541456.5079696,0.5274114608764648,0.4149303436279297,0.4399999976158142,0.0,0.0,0.9646731019020081,-0.26344993710517883,frame_1774541456.5079696.pkl
52,00:00:37,37.656246185302734,1774541457.2420063,0.5274114608764648,0.4149303436279297,0.4399999976158142,0.0,0.0,0.947140634059906,-0.320818692445755,frame_1774541457.2420063.pkl
53,00:00:38,38.34873700141907,1774541457.934497,0.5274114608764648,0.4149303436279297,0.4399999976158142,0.0,0.0,0.9261994957923889,-0.3770338296890259,frame_1774541457.934497.pkl
54,00:00:39,39.04468321800232,1774541458.6304433,0.5274114608764648,0.4149303436279297,0.4399999976158142,0.0,0.0,0.9019246697425842,-0.4318934381008148,frame_1774541458.6304433.pkl
55,00:00:39,39.81622266769409,1774541459.4019828,0.5274114608764648,0.4149303436279297,0.4399999976158142,0.0,0.0,0.8744022846221924,-0.4852016866207123,frame_1774541459.4019828.pkl
56,00:00:40,40.5084433555603,1774541460.0942035,0.5274114608764648,0.4149303436279297,0.4399999976158142,0.0,0.0,-0.8477377891540527,0.5304155349731445,frame_1774541460.0942035.pkl
57,00:00:41,41.25044512748718,1774541460.8362052,0.5274114608764648,0.4149303436279297,0.4399999976158142,0.0,0.0,-0.81440669298172,0.5802945494651794,frame_1774541460.8362052.pkl
58,00:00:41,41.940369606018066,1774541461.5261297,0.5274114608764648,0.4149303436279297,0.4399999976158142,0.0,0.0,-0.7874776721000671,0.6163432002067566,frame_1774541461.5261297.pkl
59,00:00:42,42.59701752662659,1774541462.1827776,0.5274114608764648,0.4149303436279297,0.4399999976158142,0.0,0.0,-0.7540496587753296,0.6568174362182617,frame_1774541462.1827776.pkl
60,00:00:43,43.250041484832764,1774541462.8358016,0.5274114608764648,0.4149303436279297,0.4399999976158142,0.0,0.0,-0.7237399220466614,0.6900728940963745,frame_1774541462.8358016.pkl
61,00:00:43,43.92727851867676,1774541463.5130386,0.5274114608764648,0.4149303436279297,0.4399999976158142,0.0,0.0,-0.6865307688713074,0.7271008491516113,frame_1774541463.5130386.pkl
62,00:00:44,44.59474277496338,1774541464.180503,0.5274114608764648,0.4149303436279297,0.4399999976158142,0.0,0.0,-0.6531257629394531,0.7572494745254517,frame_1774541464.180503.pkl
63,00:00:45,45.21360802650452,1774541464.7993681,0.5274114608764648,0.4149303436279297,0.4399999976158142,0.0,0.0,-0.612487256526947,0.7904804348945618,frame_1774541464.7993681.pkl
64,00:00:45,45.9151177406311,1774541465.5008779,0.5274114608764648,0.4149303436279297,0.4399999976158142,0.0,0.0,-0.570160448551178,0.8215333819389343,frame_1774541465.5008779.pkl
65,00:00:46,46.56746959686279,1774541466.1532297,0.5274114608764648,0.4149303436279297,0.4399999976158142,0.0,0.0,-0.532625138759613,0.8463512659072876,frame_1774541466.1532297.pkl
66,00:00:47,47.32760667800903,1774541466.9133668,0.5274114608764648,0.4149303436279297,0.4399999976158142,0.0,0.0,-0.48091426491737366,0.876767635345459,frame_1774541466.9133668.pkl
67,00:00:48,48.00961709022522,1774541467.5953772,0.5274114608764648,0.4149303436279297,0.4399999976158142,0.0,0.0,-0.4342420697212219,0.9007961750030518,frame_1774541467.5953772.pkl
68,00:00:48,48.718621015548706,1774541468.3043811,0.5274114608764648,0.4149303436279297,0.4399999976158142,0.0,0.0,-0.37944379448890686,0.9252147674560547,frame_1774541468.3043811.pkl
69,00:00:49,49.43486475944519,1774541469.0206249,0.5274114608764648,0.4149303436279297,0.4399999976158142,0.0,0.0,-0.3303688168525696,0.9438519477844238,frame_1774541469.0206249.pkl
70,00:00:50,50.058319091796875,1774541469.6440792,0.5274114608764648,0.4149303436279297,0.4399999976158142,0.0,0.0,-0.2803823947906494,0.9598883986473083,frame_1774541469.6440792.pkl
71,00:00:50,50.73046112060547,1774541470.3162212,0.5274114608764648,0.4149303436279297,0.4399999976158142,0.0,0.0,-0.2296229749917984,0.9732796549797058,frame_1774541470.3162212.pkl
72,00:00:51,51.416099071502686,1774541471.0018592,0.5274114608764648,0.4149303436279297,0.4399999976158142,0.0,0.0,-0.17823036015033722,0.9839888215065002,frame_1774541471.0018592.pkl
73,00:00:52,52.108150243759155,1774541471.6939104,0.5274114608764648,0.4149303436279297,0.4399999976158142,0.0,0.0,-0.1189027652144432,0.9929059147834778,frame_1774541471.6939104.pkl
74,00:00:52,52.847179651260376,1774541472.4329398,0.5274114608764648,0.4149303436279297,0.4399999976158142,0.0,0.0,-0.059140950441360474,0.9982496500015259,frame_1774541472.4329398.pkl
75,00:00:53,53.53196620941162,1774541473.1177263,0.6122350692749023,0.4094505310058594,0.4399999976158142,0.0,0.0,-0.03216131031513214,0.9994826912879944,frame_1774541473.1177263.pkl
76,00:00:54,54.51808714866638,1774541474.1038473,0.8617162704467773,0.39333343505859375,0.4399999976158142,0.0,0.0,-0.03216131031513214,0.9994826912879944,frame_1774541474.1038473.pkl
77,00:00:55,55.16991424560547,1774541474.7556744,1.0363531112670898,0.3820514678955078,0.4399999976158142,0.0,0.0,-0.03216131031513214,0.9994826912879944,frame_1774541474.7556744.pkl
78,00:00:55,55.92404747009277,1774541475.5098076,1.2109899520874023,0.3707695007324219,0.4399999976158142,0.0,0.0,-0.03216131031513214,0.9994826912879944,frame_1774541475.5098076.pkl
79,00:00:56,56.692331314086914,1774541476.2780914,1.4355230331420898,0.3562641143798828,0.4399999976158142,0.0,0.0,-0.03216131031513214,0.9994826912879944,frame_1774541476.2780914.pkl
80,00:00:57,57.47610020637512,1774541477.0618603,1.4604711532592773,0.35465240478515625,0.4399999976158142,0.0,0.0,0.020225169137120247,0.9997954368591309,frame_1774541477.0618603.pkl
81,00:00:58,58.175641775131226,1774541477.761402,1.4604711532592773,0.35465240478515625,0.4399999976158142,0.0,0.0,0.07265050709247589,0.9973574280738831,frame_1774541477.761402.pkl
82,00:00:58,58.855427265167236,1774541478.4411874,1.4604711532592773,0.35465240478515625,0.4399999976158142,0.0,0.0,0.13232183456420898,0.9912067651748657,frame_1774541478.4411874.pkl
83,00:00:59,59.76975989341736,1774541479.35552,1.5307950973510742,0.38074493408203125,0.4399999976158142,0.0,0.0,0.1767755001783371,0.9842512011528015,frame_1774541479.35552.pkl
84,00:01:00,60.52162504196167,1774541480.1073852,1.7183256149291992,0.45032501220703125,0.4399999976158142,0.0,0.0,0.1767755001783371,0.9842512011528015,frame_1774541480.1073852.pkl
85,00:01:01,61.26006317138672,1774541480.8458233,1.8519411087036133,0.49990081787109375,0.4399999976158142,0.0,0.0,0.19372691214084625,0.981055498123169,frame_1774541480.8458233.pkl
86,00:01:02,62.09824204444885,1774541481.6840022,1.8519411087036133,0.49990081787109375,0.4399999976158142,0.0,0.0,0.2594553828239441,0.9657551050186157,frame_1774541481.6840022.pkl
87,00:01:02,62.80640506744385,1774541482.3921652,1.9353303909301758,0.5550994873046875,0.4399999976158142,0.0,0.0,0.2883065938949585,0.9575381278991699,frame_1774541482.3921652.pkl
88,00:01:03,63.70722246170044,1774541483.2929826,2.102108955383301,0.665496826171875,0.4399999976158142,0.0,0.0,0.29548001289367676,0.9553489089012146,frame_1774541483.2929826.pkl
89,00:01:04,64.48850727081299,1774541484.0742674,2.102108955383301,0.665496826171875,0.4399999976158142,0.0,0.0,0.3592415153980255,0.9332446455955505,frame_1774541484.0742674.pkl
90,00:01:05,65.27282404899597,1774541484.8585842,2.102108955383301,0.665496826171875,0.4399999976158142,0.0,0.0,0.4145546555519104,0.9100244045257568,frame_1774541484.8585842.pkl
91,00:01:06,66.02227330207825,1774541485.6080334,2.102108955383301,0.665496826171875,0.4399999976158142,0.0,0.0,0.4617369771003723,0.8870168924331665,frame_1774541485.6080334.pkl
92,00:01:06,66.80276846885681,1774541486.3885286,2.1965370178222656,0.8098697662353516,0.4399999976158142,0.0,0.0,0.475649893283844,0.8796346783638,frame_1774541486.3885286.pkl
93,00:01:07,67.64473557472229,1774541487.2304957,2.2102222442626953,0.8307933807373047,0.4399999976158142,0.0,0.0,0.5275396704673767,0.8495303988456726,frame_1774541487.2304957.pkl
94,00:01:08,68.42818999290466,1774541488.01395,2.253610610961914,0.9318790435791016,0.4399999976158142,0.0,0.0,0.5502817630767822,0.8349790573120117,frame_1774541488.01395.pkl
95,00:01:09,69.27245783805847,1774541488.858218,2.3423595428466797,1.1386451721191406,0.4399999976158142,0.0,0.0,0.5502817630767822,0.8349790573120117,frame_1774541488.858218.pkl
96,00:01:10,70.05387043952942,1774541489.6396306,2.3512344360351562,1.1593217849731445,0.4399999976158142,0.0,0.0,0.5939421653747559,0.8045077323913574,frame_1774541489.6396306.pkl
97,00:01:10,70.88414216041565,1774541490.4699023,2.3512344360351562,1.1593217849731445,0.4399999976158142,0.0,0.0,0.6411147117614746,0.7674450874328613,frame_1774541490.4699023.pkl
98,00:01:11,71.72393941879272,1774541491.3096995,2.3512344360351562,1.1593217849731445,0.4399999976158142,0.0,0.0,0.6914181113243103,0.722454845905304,frame_1774541491.3096995.pkl
99,00:01:12,72.57198548316956,1774541492.1577456,2.349231719970703,1.2843008041381836,0.4399999976158142,0.0,0.0,0.7127779126167297,0.7013898491859436,frame_1774541492.1577456.pkl
100,00:01:13,73.28236865997314,1774541492.8681288,2.3464279174804688,1.4592714309692383,0.4399999976158142,0.0,0.0,0.7127779126167297,0.7013898491859436,frame_1774541492.8681288.pkl
101,00:01:14,74.29571390151978,1774541493.881474,2.3425827026367188,1.6992311477661133,0.4399999976158142,0.0,0.0,0.7127779126167297,0.7013898491859436,frame_1774541493.881474.pkl
102,00:01:15,75.0016438961029,1774541494.587404,2.3392181396484375,1.909195899963379,0.4399999976158142,0.0,0.0,0.7127779126167297,0.7013898491859436,frame_1774541494.587404.pkl
103,00:01:15,75.81993818283081,1774541495.4056983,2.3380966186523438,1.9791841506958008,0.4399999976158142,0.0,0.0,0.7395830750465393,0.6730653047561646,frame_1774541495.4056983.pkl
104,00:01:16,76.51023554801941,1774541496.0959957,2.3380966186523438,1.9791841506958008,0.4399999976158142,0.0,0.0,0.7738838791847229,0.6333274841308594,frame_1774541496.0959957.pkl
105,00:01:17,77.29086756706238,1774541496.8766277,2.3124618530273438,2.0758485794067383,0.4399999976158142,0.0,0.0,0.7925324440002441,0.6098297834396362,frame_1774541496.8766277.pkl
106,00:01:18,78.02546977996826,1774541497.61123,2.2611923217773438,2.2691774368286133,0.4399999976158142,0.0,0.0,0.7925324440002441,0.6098297834396362,frame_1774541497.61123.pkl
107,00:01:18,78.75172924995422,1774541498.3374894,2.2163314819335938,2.438340187072754,0.4399999976158142,0.0,0.0,0.7925324440002441,0.6098297834396362,frame_1774541498.3374894.pkl
108,00:01:19,79.47795963287354,1774541499.0637197,2.1650619506835938,2.631669044494629,0.4399999976158142,0.0,0.0,0.7925324440002441,0.6098297834396362,frame_1774541499.0637197.pkl
109,00:01:20,80.21057915687561,1774541499.7963393,2.1202011108398438,2.8008317947387695,0.4399999976158142,0.0,0.0,0.7925324440002441,0.6098297834396362,frame_1774541499.7963393.pkl
110,00:01:21,81.05605816841125,1774541500.6418183,2.0625228881835938,3.018326759338379,0.4399999976158142,0.0,0.0,0.7925324440002441,0.6098297834396362,frame_1774541500.6418183.pkl
111,00:01:21,81.81692242622375,1774541501.4026825,2.0112533569335938,3.211655616760254,0.4399999976158142,0.0,0.0,0.7925324440002441,0.6098297834396362,frame_1774541501.4026825.pkl
112,00:01:22,82.6872627735138,1774541502.273023,1.9920272827148438,3.284153938293457,0.4399999976158142,0.0,0.0,0.8191635608673096,0.5735599994659424,frame_1774541502.273023.pkl
113,00:01:23,83.3245439529419,1774541502.910304,1.9365720748901367,3.431593894958496,0.4399999976158142,0.0,0.0,0.8221636414527893,0.5692512392997742,frame_1774541502.910304.pkl
114,00:01:23,83.97917437553406,1774541503.5649345,1.8837575912475586,3.5720129013061523,0.4399999976158142,0.0,0.0,0.8221636414527893,0.5692512392997742,frame_1774541503.5649345.pkl
115,00:01:24,84.68970775604248,1774541504.2754679,1.8221406936645508,3.735835075378418,0.4399999976158142,0.0,0.0,0.8221636414527893,0.5692512392997742,frame_1774541504.2754679.pkl
116,00:01:25,85.44291615486145,1774541505.0286763,1.786050796508789,3.8317880630493164,0.4399999976158142,0.0,0.0,0.8384599685668945,0.5449633002281189,frame_1774541505.0286763.pkl
117,00:01:26,86.16332507133484,1774541505.7490852,1.786050796508789,3.8317880630493164,0.4399999976158142,0.0,0.0,0.8659009337425232,0.5002157092094421,frame_1774541505.7490852.pkl
118,00:01:26,86.86707878112793,1774541506.452839,1.686105728149414,4.005051612854004,0.4399999976158142,0.0,0.0,0.8659009337425232,0.5002157092094421,frame_1774541506.452839.pkl
119,00:01:27,87.57278156280518,1774541507.1585417,1.6736125946044922,4.02670955657959,0.4399999976158142,0.0,0.0,0.887524425983429,0.46076077222824097,frame_1774541507.1585417.pkl
120,00:01:28,88.30652379989624,1774541507.892284,1.6185379028320312,4.094701766967773,0.4399999976158142,0.0,0.0,0.9025654792785645,0.43055260181427,frame_1774541507.892284.pkl
121,00:01:29,89.05822777748108,1774541508.643988,1.5288448333740234,4.205431938171387,0.4399999976158142,0.0,0.0,0.9067200422286987,0.42173317074775696,frame_1774541508.643988.pkl
122,00:01:29,89.7496497631073,1774541509.3354099,1.5288448333740234,4.205431938171387,0.4399999976158142,0.0,0.0,0.9303756356239319,0.3666076958179474,frame_1774541509.3354099.pkl
123,00:01:30,90.54546046257019,1774541510.1312206,1.5288448333740234,4.205431938171387,0.4399999976158142,0.0,0.0,0.9506834745407104,0.31016266345977783,frame_1774541510.1312206.pkl
124,00:01:31,91.28982639312744,1774541510.8755865,1.507415771484375,4.218297004699707,0.4399999976158142,0.0,0.0,0.9636727571487427,0.2670857310295105,frame_1774541510.8755865.pkl
125,00:01:32,92.16244220733643,1774541511.7482023,1.357412338256836,4.308352470397949,0.4399999976158142,0.0,0.0,0.9675701856613159,0.2526022493839264,frame_1774541511.7482023.pkl
126,00:01:32,92.84239292144775,1774541512.428153,1.357412338256836,4.308352470397949,0.4399999976158142,0.0,0.0,0.9794918298721313,0.20148395001888275,frame_1774541512.428153.pkl
127,00:01:33,93.5610580444336,1774541513.1468182,1.357412338256836,4.308352470397949,0.4399999976158142,0.0,0.0,0.9898104667663574,0.1423914134502411,frame_1774541513.1468182.pkl
128,00:01:34,94.25317716598511,1774541513.8389373,1.357412338256836,4.308352470397949,0.4399999976158142,0.0,0.0,0.9959184527397156,0.09025786817073822,frame_1774541513.8389373.pkl
129,00:01:34,94.98296809196472,1774541514.5687282,1.357412338256836,4.308352470397949,0.4399999976158142,0.0,0.0,0.9992824792861938,0.03787560388445854,frame_1774541514.5687282.pkl
130,00:01:35,95.68980479240417,1774541515.275565,1.357412338256836,4.308352470397949,0.4399999976158142,0.0,0.0,0.9998932480812073,-0.014611042104661465,frame_1774541515.275565.pkl
131,00:01:36,96.4512128829956,1774541516.036973,1.357412338256836,4.308352470397949,0.4399999976158142,0.0,0.0,0.9972181916236877,-0.07453803718090057,frame_1774541516.036973.pkl
132,00:01:37,97.14589381217957,1774541516.731654,1.357412338256836,4.308352470397949,0.4399999976158142,0.0,0.0,0.9919332265853882,-0.1267615258693695,frame_1774541516.731654.pkl
133,00:01:37,97.95880460739136,1774541517.5445647,1.357412338256836,4.308352470397949,0.4399999976158142,0.0,0.0,0.9811251759529114,-0.19337373971939087,frame_1774541517.5445647.pkl
134,00:01:38,98.63817739486694,1774541518.2239375,1.357412338256836,4.308352470397949,0.4399999976158142,0.0,0.0,0.9696264266967773,-0.2445906698703766,frame_1774541518.2239375.pkl
135,00:01:39,99.31691336631775,1774541518.9026735,1.357412338256836,4.308352470397949,0.4399999976158142,0.0,0.0,0.9532158970832825,-0.30229026079177856,frame_1774541518.9026735.pkl
136,00:01:40,100.03007197380066,1774541519.615832,1.357412338256836,4.308352470397949,0.4399999976158142,0.0,0.0,0.9386531710624695,-0.3448627293109894,frame_1774541519.615832.pkl
137,00:01:40,100.70553493499756,1774541520.291295,1.357412338256836,4.308352470397949,0.4399999976158142,0.0,0.0,0.9162853956222534,-0.40052610635757446,frame_1774541520.291295.pkl
138,00:01:41,101.4134726524353,1774541520.9992328,1.357412338256836,4.308352470397949,0.4399999976158142,0.0,0.0,0.894004225730896,-0.44805851578712463,frame_1774541520.9992328.pkl
139,00:01:42,102.14480090141296,1774541521.730561,1.357412338256836,4.308352470397949,0.4399999976158142,0.0,0.0,0.8692594766616821,-0.49435609579086304,frame_1774541521.730561.pkl
140,00:01:42,102.896901845932,1774541522.482662,1.357412338256836,4.308352470397949,0.4399999976158142,0.0,0.0,-0.8380535244941711,0.5455880165100098,frame_1774541522.482662.pkl
141,00:01:43,103.56900572776794,1774541523.1547658,1.357412338256836,4.308352470397949,0.4399999976158142,0.0,0.0,-0.8082687854766846,0.5888139605522156,frame_1774541523.1547658.pkl
142,00:01:44,104.33244156837463,1774541523.9182017,1.357412338256836,4.308352470397949,0.4399999976158142,0.0,0.0,-0.7715069651603699,0.6362209320068359,frame_1774541523.9182017.pkl
143,00:01:45,105.1600911617279,1774541524.7458513,1.357412338256836,4.308352470397949,0.4399999976158142,0.0,0.0,-0.7268381118774414,0.6868089437484741,frame_1774541524.7458513.pkl
144,00:01:45,105.83504581451416,1774541525.420806,1.357412338256836,4.308352470397949,0.4399999976158142,0.0,0.0,-0.6897953748703003,0.7240043878555298,frame_1774541525.420806.pkl
145,00:01:46,106.5513288974762,1774541526.137089,1.3617515563964844,4.2761430740356445,0.4399999976158142,0.0,0.0,-0.6582226753234863,0.7528232932090759,frame_1774541526.137089.pkl
146,00:01:47,107.29165649414062,1774541526.8774166,1.3884544372558594,4.0779314041137695,0.4399999976158142,0.0,0.0,-0.6582226753234863,0.7528232932090759,frame_1774541526.8774166.pkl
147,00:01:47,107.99785804748535,1774541527.5836182,1.4118194580078125,3.904496192932129,0.4399999976158142,0.0,0.0,-0.6582226753234863,0.7528232932090759,frame_1774541527.5836182.pkl
148,00:01:48,108.72383141517639,1774541528.3095915,1.4385223388671875,3.706284523010254,0.4399999976158142,0.0,0.0,-0.6582226753234863,0.7528232932090759,frame_1774541528.3095915.pkl
149,00:01:49,109.41099739074707,1774541528.9967575,1.4545440673828125,3.587357521057129,0.4399999976158142,0.0,0.0,-0.6457112431526184,0.7635816931724548,frame_1774541528.9967575.pkl
150,00:01:50,110.27311396598816,1774541529.858874,1.4545440673828125,3.587357521057129,0.4399999976158142,0.0,0.0,-0.592736542224884,0.8053964376449585,frame_1774541529.858874.pkl
151,00:01:51,111.07942700386047,1774541530.6651871,1.4942893981933594,3.4794397354125977,0.4399999976158142,0.0,0.0,-0.5720074772834778,0.8202484250068665,frame_1774541530.6651871.pkl
152,00:01:51,111.83585524559021,1774541531.4216154,1.5634117126464844,3.2917566299438477,0.4399999976158142,0.0,0.0,-0.5720074772834778,0.8202484250068665,frame_1774541531.4216154.pkl
153,00:01:52,112.59746408462524,1774541532.1832242,1.6238937377929688,3.1275339126586914,0.4399999976158142,0.0,0.0,-0.5720074772834778,0.8202484250068665,frame_1774541532.1832242.pkl
154,00:01:53,113.42526698112488,1774541533.011027,1.7016563415527344,2.9163904190063477,0.4399999976158142,0.0,0.0,-0.5720074772834778,0.8202484250068665,frame_1774541533.011027.pkl
155,00:01:54,114.24429678916931,1774541533.830057,1.7707786560058594,2.7287073135375977,0.4399999976158142,0.0,0.0,-0.5720074772834778,0.8202484250068665,frame_1774541533.830057.pkl
156,00:01:55,115.09355902671814,1774541534.6793191,1.778554916381836,2.7075929641723633,0.4399999976158142,0.0,0.0,-0.620750904083252,0.7840078473091125,frame_1774541534.6793191.pkl
157,00:01:55,115.99364447593689,1774541535.5794046,1.778554916381836,2.7075929641723633,0.4399999976158142,0.0,0.0,-0.6683210730552673,0.7438729405403137,frame_1774541535.5794046.pkl
158,00:01:56,116.80463981628418,1774541536.3904,1.7923078536987305,2.5356483459472656,0.4399999976158142,0.0,0.0,-0.678302526473999,0.7347827553749084,frame_1774541536.3904.pkl
159,00:01:57,117.65464425086975,1774541537.2404044,1.7984867095947266,2.45839786529541,0.4399999976158142,0.0,0.0,-0.7101426720619202,0.7040578126907349,frame_1774541537.2404044.pkl
160,00:01:58,118.40178108215332,1774541537.9875412,1.7984867095947266,2.45839786529541,0.4399999976158142,0.0,0.0,-0.7510829567909241,0.6602078676223755,frame_1774541537.9875412.pkl
161,00:01:59,119.08567333221436,1774541538.6714334,1.7984867095947266,2.45839786529541,0.4399999976158142,0.0,0.0,-0.7846928834915161,0.619884729385376,frame_1774541538.6714334.pkl
162,00:01:59,119.762615442276,1774541539.3483756,1.7984867095947266,2.45839786529541,0.4399999976158142,0.0,0.0,-0.8161412477493286,0.5778526663780212,frame_1774541539.3483756.pkl
163,00:02:00,120.48345017433167,1774541540.0692103,1.7984867095947266,2.45839786529541,0.4399999976158142,0.0,0.0,-0.8453397154808044,0.5342290997505188,frame_1774541540.0692103.pkl
164,00:02:01,121.18241882324219,1774541540.768179,1.7984867095947266,2.45839786529541,0.4399999976158142,0.0,0.0,0.8722084164619446,-0.4891345202922821,frame_1774541540.768179.pkl
165,00:02:01,121.96187663078308,1774541541.5476367,1.7984867095947266,2.45839786529541,0.4399999976158142,0.0,0.0,0.8999711871147156,-0.4359493851661682,frame_1774541541.5476367.pkl
166,00:02:02,122.62629175186157,1774541542.2120519,1.7422618865966797,2.394650459289551,0.4399999976158142,0.0,0.0,0.9114130735397339,-0.4114926755428314,frame_1774541542.2120519.pkl
167,00:02:03,123.32917356491089,1774541542.9149337,1.6744613647460938,2.3177785873413086,0.4399999976158142,0.0,0.0,0.923058032989502,-0.3846607506275177,frame_1774541542.9149337.pkl
168,00:02:04,124.06746935844421,1774541543.6532295,1.6744613647460938,2.3177785873413086,0.4399999976158142,0.0,0.0,0.9444639086723328,-0.3286151587963104,frame_1774541543.6532295.pkl
169,00:02:04,124.743581533432,1774541544.3293417,1.5914115905761719,2.2577199935913086,0.4399999976158142,0.0,0.0,0.9513877630233765,-0.3079955577850342,frame_1774541544.3293417.pkl
170,00:02:05,125.40698146820068,1774541544.9927416,1.4496192932128906,2.1551809310913086,0.4399999976158142,0.0,0.0,0.9513877630233765,-0.3079955577850342,frame_1774541544.9927416.pkl
171,00:02:06,126.06279873847961,1774541545.6485589,1.4091072082519531,2.1258840560913086,0.4399999976158142,0.0,0.0,0.962266743183136,-0.27210795879364014,frame_1774541545.6485589.pkl
172,00:02:06,126.71932291984558,1774541546.305083,1.4091072082519531,2.1258840560913086,0.4399999976158142,0.0,0.0,0.975220799446106,-0.2212338149547577,frame_1774541546.305083.pkl
173,00:02:07,127.40176796913147,1774541546.987528,1.4091072082519531,2.1258840560913086,0.4399999976158142,0.0,0.0,0.9854872226715088,-0.16974985599517822,frame_1774541546.987528.pkl
174,00:02:08,128.03805017471313,1774541547.6238103,1.4091072082519531,2.1258840560913086,0.4399999976158142,0.0,0.0,0.9930377006530762,-0.11779710650444031,frame_1774541547.6238103.pkl
175,00:02:08,128.7296438217163,1774541548.315404,1.2867507934570312,2.100277900695801,0.4399999976158142,0.0,0.0,0.9946929812431335,-0.1028875783085823,frame_1774541548.315404.pkl
176,00:02:09,129.43707036972046,1774541549.0228305,1.1154518127441406,2.06442928314209,0.4399999976158142,0.0,0.0,0.9946929812431335,-0.1028875783085823,frame_1774541549.0228305.pkl
177,00:02:10,130.14492321014404,1774541549.7306833,0.9196815490722656,2.0234594345092773,0.4399999976158142,0.0,0.0,0.9946929812431335,-0.1028875783085823,frame_1774541549.7306833.pkl
178,00:02:10,130.78025817871094,1774541550.3660183,0.748382568359375,1.9876108169555664,0.4399999976158142,0.0,0.0,0.9946929812431335,-0.1028875783085823,frame_1774541550.3660183.pkl
179,00:02:11,131.50397872924805,1774541551.0897388,0.5526123046875,1.946640968322754,0.4399999976158142,0.0,0.0,0.9946929812431335,-0.1028875783085823,frame_1774541551.0897388.pkl
180,00:02:12,132.33722066879272,1774541551.9229808,0.5012226104736328,1.9358863830566406,0.4399999976158142,0.0,0.0,0.9986836314201355,-0.05129299685359001,frame_1774541551.9229808.pkl
181,00:02:12,132.96602153778076,1774541552.5517817,0.5012226104736328,1.9358863830566406,0.4399999976158142,0.0,0.0,0.999980092048645,-0.0063115693628787994,frame_1774541552.5517817.pkl
182,00:02:13,133.71190881729126,1774541553.297669,0.6961898803710938,1.9377460479736328,0.4399999976158142,0.0,0.0,0.9999884366989136,-0.004811462946236134,frame_1774541553.297669.pkl
183,00:02:14,134.36244654655457,1774541553.9482067,0.8711605072021484,1.9394149780273438,0.4399999976158142,0.0,0.0,0.9999884366989136,-0.004811462946236134,frame_1774541553.9482067.pkl
184,00:02:15,135.06411600112915,1774541554.649876,1.0461311340332031,1.9410839080810547,0.4399999976158142,0.0,0.0,0.9999884366989136,-0.004811462946236134,frame_1774541554.649876.pkl
185,00:02:15,135.757422208786,1774541555.3431823,1.2211017608642578,1.9427528381347656,0.4399999976158142,0.0,0.0,0.9999884366989136,-0.004811462946236134,frame_1774541555.3431823.pkl
186,00:02:16,136.47748136520386,1774541556.0632415,1.4210681915283203,1.9446601867675781,0.4399999976158142,0.0,0.0,0.9999884366989136,-0.004811462946236134,frame_1774541556.0632415.pkl
187,00:02:17,137.1900508403778,1774541556.775811,1.6210346221923828,1.9465675354003906,0.4399999976158142,0.0,0.0,0.9999884366989136,-0.004811462946236134,frame_1774541556.775811.pkl
188,00:02:17,137.93456983566284,1774541557.52033,1.698521614074707,1.9473066329956055,0.4399999976158142,0.0,0.0,0.9997014403343201,0.024434827268123627,frame_1774541557.52033.pkl
189,00:02:18,138.626957654953,1774541558.2127178,1.698521614074707,1.9473066329956055,0.4399999976158142,0.0,0.0,0.9970421195030212,0.07685758918523788,frame_1774541558.2127178.pkl
190,00:02:19,139.30815935134888,1774541558.8939195,1.698521614074707,1.9473066329956055,0.4399999976158142,0.0,0.0,0.9916356801986694,0.12906858325004578,frame_1774541558.8939195.pkl
191,00:02:20,140.00899195671082,1774541559.594752,1.7020235061645508,1.9566717147827148,0.4399999976158142,0.0,0.0,0.9840354323387146,0.17797285318374634,frame_1774541559.594752.pkl
192,00:02:20,140.70090627670288,1774541560.2866664,1.7633066177368164,2.120560646057129,0.4399999976158142,0.0,0.0,0.9840354323387146,0.17797285318374634,frame_1774541560.2866664.pkl
193,00:02:21,141.3664128780365,1774541560.952173,1.8333444595336914,2.3078622817993164,0.4399999976158142,0.0,0.0,0.9840354323387146,0.17797285318374634,frame_1774541560.952173.pkl
194,00:02:22,142.08027529716492,1774541561.6660354,1.8832464218139648,2.441314697265625,0.4399999976158142,0.0,0.0,0.9822535514831543,0.18755796551704407,frame_1774541561.6660354.pkl
195,00:02:22,142.71820998191833,1774541562.30397,1.8832464218139648,2.441314697265625,0.4399999976158142,0.0,0.0,0.9710588455200195,0.2388404905796051,frame_1774541562.30397.pkl
196,00:02:23,143.38783884048462,1774541562.973599,1.8832464218139648,2.441314697265625,0.4399999976158142,0.0,0.0,0.9571886658668518,0.2894647717475891,frame_1774541562.973599.pkl
197,00:02:24,144.09990000724792,1774541563.6856601,1.8832464218139648,2.441314697265625,0.4399999976158142,0.0,0.0,0.9406812191009521,0.33929160237312317,frame_1774541563.6856601.pkl
198,00:02:24,144.76378870010376,1774541564.3495488,1.8832464218139648,2.441314697265625,0.4399999976158142,0.0,0.0,0.9215819239616394,0.38818398118019104,frame_1774541564.3495488.pkl
199,00:02:25,145.53711819648743,1774541565.1228783,1.8832464218139648,2.441314697265625,0.4399999976158142,0.0,0.0,0.8999432325363159,0.4360070526599884,frame_1774541565.1228783.pkl
200,00:02:26,146.19876289367676,1774541565.784523,1.8832464218139648,2.441314697265625,0.4399999976158142,0.0,0.0,0.8758249282836914,0.4826290011405945,frame_1774541565.784523.pkl
201,00:02:26,146.8943853378296,1774541566.4801455,1.8832464218139648,2.441314697265625,0.4399999976158142,0.0,0.0,0.84929358959198,0.5279208421707153,frame_1774541566.4801455.pkl
202,00:02:27,147.53804683685303,1774541567.123807,1.8614873886108398,2.4945497512817383,0.4399999976158142,0.0,0.0,0.8301607966423035,0.5575240254402161,frame_1774541567.123807.pkl
203,00:02:28,148.20047521591187,1774541567.7862353,1.7952642440795898,2.656569480895996,0.4399999976158142,0.0,0.0,0.8301607966423035,0.5575240254402161,frame_1774541567.7862353.pkl
204,00:02:28,148.85166335105896,1774541568.4374235,1.7385015487670898,2.795443534851074,0.4399999976158142,0.0,0.0,0.8301607966423035,0.5575240254402161,frame_1774541568.4374235.pkl
205,00:02:29,149.48930191993713,1774541569.075062,1.6722784042358398,2.957463264465332,0.4399999976158142,0.0,0.0,0.8301607966423035,0.5575240254402161,frame_1774541569.075062.pkl
206,00:02:30,150.1676938533783,1774541569.753454,1.6060552597045898,3.11948299407959,0.4399999976158142,0.0,0.0,0.8301607966423035,0.5575240254402161,frame_1774541569.753454.pkl
207,00:02:30,150.88059663772583,1774541570.4663568,1.5578069686889648,3.2375259399414062,0.4399999976158142,0.0,0.0,0.8221319913864136,0.5692969560623169,frame_1774541570.4663568.pkl
208,00:02:31,151.56562495231628,1774541571.151385,1.5578069686889648,3.2375259399414062,0.4399999976158142,0.0,0.0,0.786514937877655,0.6175712943077087,frame_1774541571.151385.pkl
209,00:02:32,152.26672744750977,1774541571.8524876,1.5578069686889648,3.2375259399414062,0.4399999976158142,0.0,0.0,0.753023624420166,0.6579935550689697,frame_1774541571.8524876.pkl
210,00:02:32,152.98939538002014,1774541572.5751555,1.5578069686889648,3.2375259399414062,0.4399999976158142,0.0,0.0,0.7174575328826904,0.6966022849082947,frame_1774541572.5751555.pkl
211,00:02:33,153.66155195236206,1774541573.247312,1.5530033111572266,3.409931182861328,0.4399999976158142,0.0,0.0,0.716934859752655,0.6971401572227478,frame_1774541573.247312.pkl
212,00:02:34,154.42151141166687,1774541574.0072715,1.547433853149414,3.609821319580078,0.4399999976158142,0.0,0.0,0.716934859752655,0.6971401572227478,frame_1774541574.0072715.pkl
213,00:02:35,155.1156141757965,1774541574.7013743,1.5418643951416016,3.809711456298828,0.4399999976158142,0.0,0.0,0.716934859752655,0.6971401572227478,frame_1774541574.7013743.pkl
214,00:02:35,155.90382862091064,1774541575.4895887,1.536294937133789,4.009601593017578,0.4399999976158142,0.0,0.0,0.716934859752655,0.6971401572227478,frame_1774541575.4895887.pkl
215,00:02:36,156.67134356498718,1774541576.2571037,1.5314216613769531,4.184505462646484,0.4399999976158142,0.0,0.0,0.716934859752655,0.6971401572227478,frame_1774541576.2571037.pkl
216,00:02:37,157.38282561302185,1774541576.9685857,1.5312824249267578,4.189502716064453,0.4399999976158142,0.0,0.0,0.6749486327171326,0.7378647327423096,frame_1774541576.9685857.pkl
217,00:02:38,158.06945776939392,1774541577.655218,1.5312824249267578,4.189502716064453,0.4399999976158142,0.0,0.0,0.6352983117103577,0.7722668647766113,frame_1774541577.655218.pkl
218,00:02:38,158.84147906303406,1774541578.4272392,1.5312824249267578,4.189502716064453,0.4399999976158142,0.0,0.0,0.587846040725708,0.8089728355407715,frame_1774541578.4272392.pkl
219,00:02:39,159.47503900527954,1774541579.0607991,1.5312824249267578,4.189502716064453,0.4399999976158142,0.0,0.0,0.5508584976196289,0.8345986604690552,frame_1774541579.0607991.pkl
220,00:02:40,160.186537027359,1774541579.7722971,1.5312824249267578,4.189502716064453,0.4399999976158142,0.0,0.0,0.4998197853565216,0.8661293983459473,frame_1774541579.7722971.pkl
221,00:02:40,160.90485548973083,1774541580.4906156,1.5312824249267578,4.189502716064453,0.4399999976158142,0.0,0.0,0.45367860794067383,0.8911653757095337,frame_1774541580.4906156.pkl
222,00:02:41,161.58215188980103,1774541581.167912,1.5312824249267578,4.189502716064453,0.4399999976158142,0.0,0.0,0.40628722310066223,0.9137454628944397,frame_1774541581.167912.pkl
223,00:02:42,162.3393862247467,1774541581.9251463,1.5312824249267578,4.189502716064453,0.4399999976158142,0.0,0.0,0.35076189041137695,0.9364646673202515,frame_1774541581.9251463.pkl
224,00:02:43,163.05620431900024,1774541582.6419644,1.5312824249267578,4.189502716064453,0.4399999976158142,0.0,0.0,0.3011350631713867,0.9535815119743347,frame_1774541582.6419644.pkl
225,00:02:43,163.74614453315735,1774541583.3319046,1.5312824249267578,4.189502716064453,0.4399999976158142,0.0,0.0,0.25067877769470215,0.9680703282356262,frame_1774541583.3319046.pkl
226,00:02:44,164.4539279937744,1774541584.039688,1.5312824249267578,4.189502716064453,0.4399999976158142,0.0,0.0,0.20687425136566162,0.9783675074577332,frame_1774541584.039688.pkl
227,00:02:45,165.1425416469574,1774541584.7283018,1.5312824249267578,4.189502716064453,0.4399999976158142,0.0,0.0,0.15524496138095856,0.9878759980201721,frame_1774541584.7283018.pkl
228,00:02:45,165.93875288963318,1774541585.524513,1.5312824249267578,4.189502716064453,0.4399999976158142,0.0,0.0,0.09572241455316544,0.9954080581665039,frame_1774541585.524513.pkl
229,00:02:46,166.5913586616516,1774541586.1771188,1.5312824249267578,4.189502716064453,0.4399999976158142,0.0,0.0,0.04334641993045807,0.9990600943565369,frame_1774541586.1771188.pkl
230,00:02:47,167.33692932128906,1774541586.9226894,1.5312824249267578,4.189502716064453,0.4399999976158142,0.0,0.0,-0.016480863094329834,0.9998641610145569,frame_1774541586.9226894.pkl
231,00:02:48,168.01787972450256,1774541587.6036398,1.5312824249267578,4.189502716064453,0.4399999976158142,0.0,0.0,-0.06891083717346191,0.9976228475570679,frame_1774541587.6036398.pkl
232,00:02:48,168.6980698108673,1774541588.28383,1.5312824249267578,4.189502716064453,0.4399999976158142,0.0,0.0,-0.12116342037916183,0.9926325678825378,frame_1774541588.28383.pkl
233,00:02:49,169.39883542060852,1774541588.9845955,1.5312824249267578,4.189502716064453,0.4399999976158142,0.0,0.0,-0.1730833202600479,0.9849072098731995,frame_1774541588.9845955.pkl
234,00:02:50,170.12482452392578,1774541589.7105846,1.5312824249267578,4.189502716064453,0.4399999976158142,0.0,0.0,-0.22452682256698608,0.974467933177948,frame_1774541589.7105846.pkl
235,00:02:50,170.78804874420166,1774541590.3738089,1.5312824249267578,4.189502716064453,0.4399999976158142,0.0,0.0,-0.27535372972488403,0.961342990398407,frame_1774541590.3738089.pkl
236,00:02:51,171.440447807312,1774541591.026208,1.5312824249267578,4.189502716064453,0.4399999976158142,0.0,0.0,-0.325421005487442,0.9455692768096924,frame_1774541591.026208.pkl
237,00:02:52,172.1527361869812,1774541591.7384963,1.5312824249267578,4.189502716064453,0.4399999976158142,0.0,0.0,-0.37459075450897217,0.9271902441978455,frame_1774541591.7384963.pkl
238,00:02:52,172.97371006011963,1774541592.5594702,1.5312824249267578,4.189502716064453,0.4399999976158142,0.0,0.0,-0.42951473593711853,0.9030598402023315,frame_1774541592.5594702.pkl
239,00:02:53,173.7831666469574,1774541593.3689268,1.6025924682617188,4.089920997619629,0.4399999976158142,0.0,0.0,-0.45707643032073975,0.8894274234771729,frame_1774541593.3689268.pkl
240,00:02:54,174.54228854179382,1774541594.1280487,1.7044639587402344,3.9476613998413086,0.4399999976158142,0.0,0.0,-0.45707643032073975,0.8894274234771729,frame_1774541594.1280487.pkl
241,00:02:55,175.4547963142395,1774541595.0405564,1.714651107788086,3.9334354400634766,0.4399999976158142,0.0,0.0,-0.5076493620872498,0.8615638017654419,frame_1774541595.0405564.pkl
242,00:02:56,176.24909734725952,1774541595.8348575,1.747640609741211,3.8605594635009766,0.4399999976158142,0.0,0.0,-0.5421159863471985,0.8403036594390869,frame_1774541595.8348575.pkl
243,00:02:57,177.04324889183044,1774541596.629009,1.840423583984375,3.6555957794189453,0.4399999976158142,0.0,0.0,-0.5421159863471985,0.8403036594390869,frame_1774541596.629009.pkl
244,00:02:57,177.75973105430603,1774541597.3454912,1.912588119506836,3.4961795806884766,0.4399999976158142,0.0,0.0,-0.5421159863471985,0.8403036594390869,frame_1774541597.3454912.pkl
245,00:02:58,178.4536919593811,1774541598.039452,1.9847526550292969,3.336763381958008,0.4399999976158142,0.0,0.0,-0.5421159863471985,0.8403036594390869,frame_1774541598.039452.pkl
246,00:02:59,179.14996457099915,1774541598.7357247,2.056917190551758,3.177347183227539,0.4399999976158142,0.0,0.0,-0.5421159863471985,0.8403036594390869,frame_1774541598.7357247.pkl
247,00:02:59,179.8585376739502,1774541599.4442978,2.1259889602661133,3.0247631072998047,0.4399999976158142,0.0,0.0,-0.5440052151679993,0.8390818238258362,frame_1774541599.4442978.pkl
248,00:03:00,180.5405158996582,1774541600.126276,2.1259889602661133,3.0247631072998047,0.4399999976158142,0.0,0.0,-0.5933406352996826,0.8049514889717102,frame_1774541600.126276.pkl
249,00:03:01,181.18252730369568,1774541600.7682874,2.130984306335449,3.0028247833251953,0.4399999976158142,0.0,0.0,-0.6236883997917175,0.7816730737686157,frame_1774541600.7682874.pkl
250,00:03:01,181.86347603797913,1774541601.4492362,2.16983699798584,2.832193374633789,0.4399999976158142,0.0,0.0,-0.6236883997917175,0.7816730737686157,frame_1774541601.4492362.pkl
251,00:03:02,182.56776785850525,1774541602.153528,2.214240074157715,2.637186050415039,0.4399999976158142,0.0,0.0,-0.6236883997917175,0.7816730737686157,frame_1774541602.153528.pkl
252,00:03:03,183.25331044197083,1774541602.8390706,2.247542381286621,2.4909305572509766,0.4399999976158142,0.0,0.0,-0.6236883997917175,0.7816730737686157,frame_1774541602.8390706.pkl
253,00:03:04,184.03734636306763,1774541603.6231065,2.2974958419799805,2.271547317504883,0.4399999976158142,0.0,0.0,-0.6236883997917175,0.7816730737686157,frame_1774541603.6231065.pkl
254,00:03:04,184.73075819015503,1774541604.3165183,2.336348533630371,2.1009159088134766,0.4399999976158142,0.0,0.0,-0.6236883997917175,0.7816730737686157,frame_1774541604.3165183.pkl
255,00:03:05,185.56445693969727,1774541605.150217,2.3863019943237305,1.8815326690673828,0.4399999976158142,0.0,0.0,-0.6236883997917175,0.7816730737686157,frame_1774541605.150217.pkl
256,00:03:06,186.32313585281372,1774541605.908896,2.425154685974121,1.7109012603759766,0.4399999976158142,0.0,0.0,-0.6236883997917175,0.7816730737686157,frame_1774541605.908896.pkl
257,00:03:06,186.9750509262085,1774541606.560811,2.4640073776245117,1.5402698516845703,0.4399999976158142,0.0,0.0,-0.6236883997917175,0.7816730737686157,frame_1774541606.560811.pkl
258,00:03:07,187.6565613746643,1774541607.2423215,2.5084104537963867,1.3452625274658203,0.4399999976158142,0.0,0.0,-0.6236883997917175,0.7816730737686157,frame_1774541607.2423215.pkl
259,00:03:08,188.337744474411,1774541607.9235046,2.541712760925293,1.1990070343017578,0.4399999976158142,0.0,0.0,-0.6236883997917175,0.7816730737686157,frame_1774541607.9235046.pkl
260,00:03:09,189.0244538784027,1774541608.610214,2.586115837097168,1.0039997100830078,0.4399999976158142,0.0,0.0,-0.6236883997917175,0.7816730737686157,frame_1774541608.610214.pkl
261,00:03:09,189.72233128547668,1774541609.3080914,2.630518913269043,0.8089923858642578,0.4399999976158142,0.0,0.0,-0.6236883997917175,0.7816730737686157,frame_1774541609.3080914.pkl
262,00:03:10,190.47717690467834,1774541610.062937,2.645504951477051,0.7431774139404297,0.4399999976158142,0.0,0.0,-0.5981589555740356,0.8013774752616882,frame_1774541610.062937.pkl
263,00:03:11,191.23996829986572,1774541610.8257284,2.645504951477051,0.7431774139404297,0.4399999976158142,0.0,0.0,-0.5490273237228394,0.8358044624328613,frame_1774541610.8257284.pkl
264,00:03:11,191.94441485404968,1774541611.530175,2.645504951477051,0.7431774139404297,0.4399999976158142,0.0,0.0,-0.4979196786880493,0.8672231435775757,frame_1774541611.530175.pkl
265,00:03:12,192.72611045837402,1774541612.3118706,2.645504951477051,0.7431774139404297,0.4399999976158142,0.0,0.0,-0.4450203776359558,0.8955204486846924,frame_1774541612.3118706.pkl
266,00:03:13,193.524569272995,1774541613.1103294,2.645504951477051,0.7431774139404297,0.4399999976158142,0.0,0.0,-0.3905189037322998,0.9205949306488037,frame_1774541613.1103294.pkl
267,00:03:14,194.35575652122498,1774541613.9415166,2.645504951477051,0.7431774139404297,0.4399999976158142,0.0,0.0,-0.3346126079559326,0.942355751991272,frame_1774541613.9415166.pkl
268,00:03:15,195.09307312965393,1774541614.6788332,2.645504951477051,0.7431774139404297,0.4399999976158142,0.0,0.0,-0.27750110626220703,0.9607253670692444,frame_1774541614.6788332.pkl
269,00:03:15,195.7642467021942,1774541615.3500068,2.645504951477051,0.7431774139404297,0.4399999976158142,0.0,0.0,-0.2193898856639862,0.9756372570991516,frame_1774541615.3500068.pkl
270,00:03:16,196.46246933937073,1774541616.0482295,2.645504951477051,0.7431774139404297,0.4399999976158142,0.0,0.0,-0.16788846254348755,0.9858059883117676,frame_1774541616.0482295.pkl
271,00:03:17,197.12377309799194,1774541616.7095332,2.645504951477051,0.7431774139404297,0.4399999976158142,0.0,0.0,-0.11592352390289307,0.9932581782341003,frame_1774541616.7095332.pkl
272,00:03:17,197.87684965133667,1774541617.4626098,2.645504951477051,0.7431774139404297,0.4399999976158142,0.0,0.0,-0.05614485964179039,0.9984226226806641,frame_1774541617.4626098.pkl
273,00:03:18,198.58559441566467,1774541618.1713545,2.767610549926758,0.7332706451416016,0.4399999976158142,0.0,0.0,-0.0404101200401783,0.999183177947998,frame_1774541618.1713545.pkl
274,00:03:19,199.29409790039062,1774541618.879858,2.9669666290283203,0.7170963287353516,0.4399999976158142,0.0,0.0,-0.0404101200401783,0.999183177947998,frame_1774541618.879858.pkl
275,00:03:20,200.09666109085083,1774541619.6824212,3.1314353942871094,0.7037525177001953,0.4399999976158142,0.0,0.0,-0.022415010258555412,0.999748706817627,frame_1774541619.6824212.pkl
276,00:03:20,200.93213558197021,1774541620.5178957,3.2313995361328125,0.7067661285400391,0.4399999976158142,0.0,0.0,0.01498193945735693,0.9998877644538879,frame_1774541620.5178957.pkl
277,00:03:21,201.61747670173645,1774541621.2032368,3.4163331985473633,0.71234130859375,0.4399999976158142,0.0,0.0,0.01498193945735693,0.9998877644538879,frame_1774541621.2032368.pkl
278,00:03:22,202.36426615715027,1774541621.9500263,3.606265068054199,0.7180671691894531,0.4399999976158142,0.0,0.0,0.01498193945735693,0.9998877644538879,frame_1774541621.9500263.pkl
279,00:03:23,203.0462522506714,1774541622.6320124,3.8061933517456055,0.7240943908691406,0.4399999976158142,0.0,0.0,0.01498193945735693,0.9998877644538879,frame_1774541622.6320124.pkl
280,00:03:23,203.81814336776733,1774541623.4039035,3.9836297035217285,0.7294435501098633,0.4399999976158142,0.0,0.0,0.008226878941059113,0.9999661445617676,frame_1774541623.4039035.pkl
281,00:03:24,204.56731343269348,1774541624.1530735,4.063509464263916,0.7250185012817383,0.4399999976158142,0.0,0.0,-0.02771778218448162,0.9996157884597778,frame_1774541624.1530735.pkl
282,00:03:25,205.30414962768555,1774541624.8899097,4.238246440887451,0.7153387069702148,0.4399999976158142,0.0,0.0,-0.02771778218448162,0.9996157884597778,frame_1774541624.8899097.pkl
283,00:03:26,206.08989453315735,1774541625.6756546,4.43794584274292,0.7042760848999023,0.4399999976158142,0.0,0.0,-0.02771778218448162,0.9996157884597778,frame_1774541625.6756546.pkl
284,00:03:26,206.83726596832275,1774541626.423026,4.637645244598389,0.6932134628295898,0.4399999976158142,0.0,0.0,-0.02771778218448162,0.9996157884597778,frame_1774541626.423026.pkl
285,00:03:27,207.52281022071838,1774541627.1085703,4.812382221221924,0.6835336685180664,0.4399999976158142,0.0,0.0,-0.02771778218448162,0.9996157884597778,frame_1774541627.1085703.pkl
286,00:03:28,208.18925619125366,1774541627.7750163,5.012081623077393,0.6724710464477539,0.4399999976158142,0.0,0.0,-0.02771778218448162,0.9996157884597778,frame_1774541627.7750163.pkl
287,00:03:28,208.84817361831665,1774541628.4339337,5.186818599700928,0.6627912521362305,0.4399999976158142,0.0,0.0,-0.02771778218448162,0.9996157884597778,frame_1774541628.4339337.pkl
288,00:03:29,209.55875849723816,1774541629.1445186,5.3865180015563965,0.651728630065918,0.4399999976158142,0.0,0.0,-0.02771778218448162,0.9996157884597778,frame_1774541629.1445186.pkl
289,00:03:30,210.28680658340454,1774541629.8725667,5.586217403411865,0.6406660079956055,0.4399999976158142,0.0,0.0,-0.02771778218448162,0.9996157884597778,frame_1774541629.8725667.pkl
290,00:03:31,211.2324206829071,1774541630.8181808,5.835841655731201,0.6268377304077148,0.4399999976158142,0.0,0.0,-0.02771778218448162,0.9996157884597778,frame_1774541630.8181808.pkl
291,00:03:31,211.94498777389526,1774541631.530748,6.010578632354736,0.6171579360961914,0.4399999976158142,0.0,0.0,-0.02771778218448162,0.9996157884597778,frame_1774541631.530748.pkl
292,00:03:32,212.76598381996155,1774541632.351744,6.235240459442139,0.6047124862670898,0.4399999976158142,0.0,0.0,-0.02771778218448162,0.9996157884597778,frame_1774541632.351744.pkl
293,00:03:33,213.46784472465515,1774541633.0536048,6.409977436065674,0.5950326919555664,0.4399999976158142,0.0,0.0,-0.02771778218448162,0.9996157884597778,frame_1774541633.0536048.pkl
294,00:03:34,214.2100706100464,1774541633.7958307,6.634639263153076,0.5825872421264648,0.4399999976158142,0.0,0.0,-0.02771778218448162,0.9996157884597778,frame_1774541633.7958307.pkl
295,00:03:34,214.97253727912903,1774541634.5582974,6.834338665008545,0.5715246200561523,0.4399999976158142,0.0,0.0,-0.02771778218448162,0.9996157884597778,frame_1774541634.5582974.pkl
296,00:03:35,215.83541822433472,1774541635.4211783,7.03154182434082,0.5606002807617188,0.4399999976158142,0.0,0.0,-0.019467147067189217,0.999810516834259,frame_1774541635.4211783.pkl
297,00:03:36,216.4944932460785,1774541636.0802534,7.03154182434082,0.5606002807617188,0.4399999976158142,0.0,0.0,0.03296087682247162,0.9994566440582275,frame_1774541636.0802534.pkl
298,00:03:37,217.2575933933258,1774541636.8433535,7.185880184173584,0.5749683380126953,0.4399999976158142,0.0,0.0,0.04645377770066261,0.9989204406738281,frame_1774541636.8433535.pkl
299,00:03:38,218.0650463104248,1774541637.6508064,7.409919738769531,0.5958251953125,0.4399999976158142,0.0,0.0,0.04645377770066261,0.9989204406738281,frame_1774541637.6508064.pkl
300,00:03:38,218.8357241153717,1774541638.4214842,7.626491546630859,0.6159868240356445,0.4399999976158142,0.0,0.0,0.04645377770066261,0.9989204406738281,frame_1774541638.4214842.pkl
301,00:03:39,219.74945497512817,1774541639.335215,7.88289213180542,0.6398563385009766,0.4399999976158142,0.0,0.0,0.04645377770066261,0.9989204406738281,frame_1774541639.335215.pkl
302,00:03:40,220.5622899532318,1774541640.14805,8.106931686401367,0.6607131958007812,0.4399999976158142,0.0,0.0,0.04645377770066261,0.9989204406738281,frame_1774541640.14805.pkl
303,00:03:41,221.46366500854492,1774541641.0494251,8.355864524841309,0.6838874816894531,0.4399999976158142,0.0,0.0,0.04645377770066261,0.9989204406738281,frame_1774541641.0494251.pkl
304,00:03:42,222.30007076263428,1774541641.8858309,8.555010795593262,0.7024269104003906,0.4399999976158142,0.0,0.0,0.04645377770066261,0.9989204406738281,frame_1774541641.8858309.pkl
305,00:03:43,223.04253840446472,1774541642.6282985,8.724284172058105,0.7181854248046875,0.4399999976158142,0.0,0.0,0.05544094741344452,0.9984619617462158,frame_1774541642.6282985.pkl
306,00:03:43,223.8079674243927,1774541643.3937275,8.724284172058105,0.7181854248046875,0.4399999976158142,0.0,0.0,0.12265214323997498,0.9924497008323669,frame_1774541643.3937275.pkl
307,00:03:44,224.56528306007385,1774541644.1510432,8.724284172058105,0.7181854248046875,0.4399999976158142,0.0,0.0,0.18193960189819336,0.9833096861839294,frame_1774541644.1510432.pkl
308,00:03:45,225.39707398414612,1774541644.982834,8.724284172058105,0.7181854248046875,0.4399999976158142,0.0,0.0,0.24784666299819946,0.9687992930412292,frame_1774541644.982834.pkl
309,00:03:46,226.1573429107666,1774541645.743103,8.724284172058105,0.7181854248046875,0.4399999976158142,0.0,0.0,0.3054935336112976,0.9521941542625427,frame_1774541645.743103.pkl
310,00:03:46,226.90368127822876,1774541646.4894414,8.724284172058105,0.7181854248046875,0.4399999976158142,0.0,0.0,0.36204013228416443,0.9321625232696533,frame_1774541646.4894414.pkl
311,00:03:47,227.61091876029968,1774541647.1966789,8.724284172058105,0.7181854248046875,0.4399999976158142,0.0,0.0,0.41728490591049194,0.9087757468223572,frame_1774541647.1966789.pkl
312,00:03:48,228.37991285324097,1774541647.965673,8.724284172058105,0.7181854248046875,0.4399999976158142,0.0,0.0,0.4710274636745453,0.8821185827255249,frame_1774541647.965673.pkl
313,00:03:49,229.14658498764038,1774541648.732345,8.724284172058105,0.7181854248046875,0.4399999976158142,0.0,0.0,0.5230743288993835,0.8522870540618896,frame_1774541648.732345.pkl
314,00:03:49,229.92450332641602,1774541649.5102634,8.732280731201172,0.7392139434814453,0.4399999976158142,0.0,0.0,0.5676948428153992,0.8232390880584717,frame_1774541649.5102634.pkl
315,00:03:50,230.7960488796234,1774541650.381809,8.82114028930664,0.9728641510009766,0.4399999976158142,0.0,0.0,0.5676948428153992,0.8232390880584717,frame_1774541650.381809.pkl
316,00:03:51,231.71988654136658,1774541651.3056467,8.90111255645752,1.1831493377685547,0.4399999976158142,0.0,0.0,0.5676948428153992,0.8232390880584717,frame_1774541651.3056467.pkl
317,00:03:52,232.7210738658905,1774541652.306834,8.90111255645752,1.1831493377685547,0.4399999976158142,0.0,0.0,0.6336036920547485,0.7736577987670898,frame_1774541652.306834.pkl
318,00:03:53,233.46738600730896,1774541653.0531461,8.90111255645752,1.1831493377685547,0.4399999976158142,0.0,0.0,0.6788552403450012,0.7342721819877625,frame_1774541653.0531461.pkl
319,00:03:54,234.22705125808716,1774541653.8128114,8.90111255645752,1.1831493377685547,0.4399999976158142,0.0,0.0,0.7216635942459106,0.6922439336776733,frame_1774541653.8128114.pkl
320,00:03:55,235.00133848190308,1774541654.5870986,8.890335083007812,1.305161476135254,0.4399999976158142,0.0,0.0,0.7375621795654297,0.6752792596817017,frame_1774541654.5870986.pkl
321,00:03:55,235.80999994277954,1774541655.39576,8.870540618896484,1.5292654037475586,0.4399999976158142,0.0,0.0,0.7375621795654297,0.6752792596817017,frame_1774541655.39576.pkl
322,00:03:56,236.50848031044006,1774541656.0942404,8.855144500732422,1.703568458557129,0.4399999976158142,0.0,0.0,0.7375621795654297,0.6752792596817017,frame_1774541656.0942404.pkl
323,00:03:57,237.32350182533264,1774541656.909262,8.837549209594727,1.9027719497680664,0.4399999976158142,0.0,0.0,0.7375621795654297,0.6752792596817017,frame_1774541656.909262.pkl
324,00:03:58,238.1460485458374,1774541657.7318087,8.819734573364258,2.1044654846191406,0.4399999976158142,0.0,0.0,0.7421034574508667,0.6702853441238403,frame_1774541657.7318087.pkl
325,00:03:58,238.91756558418274,1774541658.5033257,8.819734573364258,2.1044654846191406,0.4399999976158142,0.0,0.0,0.7809615731239319,0.6245793104171753,frame_1774541658.5033257.pkl
326,00:03:59,239.67086505889893,1774541659.2566252,8.782794952392578,2.2472705841064453,0.4399999976158142,0.0,0.0,0.7907013893127441,0.6122020483016968,frame_1774541659.2566252.pkl
327,00:04:00,240.46535420417786,1774541660.0511143,8.726447105407715,2.465108871459961,0.4399999976158142,0.0,0.0,0.7907013893127441,0.6122020483016968,frame_1774541660.0511143.pkl
328,00:04:01,241.22749280929565,1774541660.813253,8.676360130310059,2.658742904663086,0.4399999976158142,0.0,0.0,0.7907013893127441,0.6122020483016968,frame_1774541660.813253.pkl
329,00:04:01,241.9201340675354,1774541661.5058942,8.63253402709961,2.8281726837158203,0.4399999976158142,0.0,0.0,0.7907013893127441,0.6122020483016968,frame_1774541661.5058942.pkl
330,00:04:02,242.76539039611816,1774541662.3511505,8.502618789672852,2.921123504638672,0.4399999976158142,0.0,0.0,0.7907013893127441,0.6122020483016968,frame_1774541662.3511505.pkl
331,00:04:03,243.56518363952637,1774541663.1509438,8.35655403137207,2.9866600036621094,0.4399999976158142,0.0,0.0,0.7907013893127441,0.6122020483016968,frame_1774541663.1509438.pkl
332,00:04:04,244.25429320335388,1774541663.8400533,8.339649200439453,3.052011489868164,0.4399999976158142,0.0,0.0,0.7705500721931458,0.6373794674873352,frame_1774541663.8400533.pkl
333,00:04:05,245.01623487472534,1774541664.601995,8.331145286560059,3.1265411376953125,0.4399999976158142,0.0,0.0,0.7461116909980774,0.665820837020874,frame_1774541664.601995.pkl
334,00:04:05,245.771742105484,1774541665.3575022,8.305631637573242,3.350130081176758,0.4399999976158142,0.0,0.0,0.7461116909980774,0.665820837020874,frame_1774541665.3575022.pkl
335,00:04:06,246.57138109207153,1774541666.1571412,8.282953262329102,3.5488758087158203,0.4399999976158142,0.0,0.0,0.7461116909980774,0.665820837020874,frame_1774541666.1571412.pkl
336,00:04:07,247.35209774971008,1774541666.9378579,8.257440567016602,3.7724647521972656,0.4399999976158142,0.0,0.0,0.7461116909980774,0.665820837020874,frame_1774541666.9378579.pkl
337,00:04:08,248.17984890937805,1774541667.765609,8.292808532714844,3.947629928588867,0.4399999976158142,0.0,0.0,0.7461116909980774,0.665820837020874,frame_1774541667.765609.pkl
338,00:04:08,248.890545129776,1774541668.4763052,8.485980987548828,3.974691390991211,0.4399999976158142,0.0,0.0,0.7461116909980774,0.665820837020874,frame_1774541668.4763052.pkl
339,00:04:09,249.62017488479614,1774541669.205935,8.463302612304688,4.173437118530273,0.4399999976158142,0.0,0.0,0.7461116909980774,0.665820837020874,frame_1774541669.205935.pkl
340,00:04:10,250.43309617042542,1774541670.0188563,8.442041397094727,4.3597612380981445,0.4399999976158142,0.0,0.0,0.7385745048522949,0.6741719245910645,frame_1774541670.0188563.pkl
341,00:04:11,251.2900049686432,1774541670.875765,8.442041397094727,4.3597612380981445,0.4399999976158142,0.0,0.0,0.6914204955101013,0.7224525809288025,frame_1774541670.875765.pkl
342,00:04:12,252.0970664024353,1774541671.6828265,8.446847915649414,4.389378547668457,0.4399999976158142,0.0,0.0,0.6479976177215576,0.7616423964500427,frame_1774541671.6828265.pkl
343,00:04:12,252.9029495716095,1774541672.4887097,8.48289680480957,4.611508369445801,0.4399999976158142,0.0,0.0,0.6479976177215576,0.7616423964500427,frame_1774541672.4887097.pkl
344,00:04:13,253.69455742835999,1774541673.2803175,8.486902236938477,4.6361894607543945,0.4399999976158142,0.0,0.0,0.6071364879608154,0.7945975661277771,frame_1774541673.2803175.pkl
345,00:04:14,254.5236942768097,1774541674.1094544,8.486902236938477,4.6361894607543945,0.4399999976158142,0.0,0.0,0.5521577000617981,0.833739697933197,frame_1774541674.1094544.pkl
346,00:04:15,255.33978080749512,1774541674.925541,8.486902236938477,4.6361894607543945,0.4399999976158142,0.0,0.0,0.49466362595558167,0.8690844774246216,frame_1774541674.925541.pkl
347,00:04:16,256.1154022216797,1774541675.7011623,8.489999771118164,4.640114784240723,0.4399999976158142,0.0,0.0,0.4362671971321106,0.899817168712616,frame_1774541675.7011623.pkl
348,00:04:16,256.90243101119995,1774541676.4881911,8.629344940185547,4.816754341125488,0.4399999976158142,0.0,0.0,0.4362671971321106,0.899817168712616,frame_1774541676.4881911.pkl
349,00:04:17,257.7766819000244,1774541677.362442,8.692825317382812,4.897223472595215,0.4399999976158142,0.0,0.0,0.4029112160205841,0.9152390956878662,frame_1774541677.362442.pkl
350,00:04:18,258.5220847129822,1774541678.1078448,8.692825317382812,4.897223472595215,0.4399999976158142,0.0,0.0,0.3473031222820282,0.9377529621124268,frame_1774541678.1078448.pkl
351,00:04:19,259.2655246257782,1774541678.8512847,8.692825317382812,4.897223472595215,0.4399999976158142,0.0,0.0,0.28325995802879333,0.9590431451797485,frame_1774541678.8512847.pkl
352,00:04:20,260.1742653846741,1774541679.7600255,8.692825317382812,4.897223472595215,0.4399999976158142,0.0,0.0,0.2106001079082489,0.9775723218917847,frame_1774541679.7600255.pkl
353,00:04:21,261.076447725296,1774541680.6622078,8.692825317382812,4.897223472595215,0.4399999976158142,0.0,0.0,0.1367558091878891,0.990604817867279,frame_1774541680.6622078.pkl
354,00:04:22,262.119423866272,1774541681.705184,8.692825317382812,4.897223472595215,0.4399999976158142,0.0,0.0,0.050152845680713654,0.9987415671348572,frame_1774541681.705184.pkl
355,00:04:22,262.85641169548035,1774541682.4421718,8.692825317382812,4.897223472595215,0.4399999976158142,0.0,0.0,-0.01273502130061388,0.9999188780784607,frame_1774541682.4421718.pkl
356,00:04:23,263.63705468177795,1774541683.2228148,8.692825317382812,4.897223472595215,0.4399999976158142,0.0,0.0,-0.08012785017490387,0.9967845678329468,frame_1774541683.2228148.pkl
357,00:04:24,264.49060320854187,1774541684.0763633,8.692825317382812,4.897223472595215,0.4399999976158142,0.0,0.0,-0.154587984085083,0.9879790544509888,frame_1774541684.0763633.pkl
358,00:04:25,265.2489182949066,1774541684.8346784,8.692825317382812,4.897223472595215,0.4399999976158142,0.0,0.0,-0.21355131268501282,0.9769318699836731,frame_1774541684.8346784.pkl
359,00:04:25,265.9652762413025,1774541685.5510364,8.692825317382812,4.897223472595215,0.4399999976158142,0.0,0.0,-0.2717474699020386,0.9623686075210571,frame_1774541685.5510364.pkl
360,00:04:26,266.74768829345703,1774541686.3334484,8.692825317382812,4.897223472595215,0.4399999976158142,0.0,0.0,-0.3289644122123718,0.944342315196991,frame_1774541686.3334484.pkl
361,00:04:27,267.53769731521606,1774541687.1234574,8.692825317382812,4.897223472595215,0.4399999976158142,0.0,0.0,-0.39190810918807983,0.9200043678283691,frame_1774541687.1234574.pkl
362,00:04:28,268.4470069408417,1774541688.032767,8.692825317382812,4.897223472595215,0.4399999976158142,0.0,0.0,-0.4530692398548126,0.8914753198623657,frame_1774541688.032767.pkl
363,00:04:29,269.32988834381104,1774541688.9156485,8.692825317382812,4.897223472595215,0.4399999976158142,0.0,0.0,-0.5185924172401428,0.855021595954895,frame_1774541688.9156485.pkl
364,00:04:30,270.0409264564514,1774541689.6266866,8.723433494567871,4.82875919342041,0.4399999976158142,0.0,0.0,-0.5440055131912231,0.8390816450119019,frame_1774541689.6266866.pkl
365,00:04:30,270.80264925956726,1774541690.3884094,8.805058479309082,4.646187782287598,0.4399999976158142,0.0,0.0,-0.5440055131912231,0.8390816450119019,frame_1774541690.3884094.pkl
366,00:04:31,271.5899350643158,1774541691.1756952,8.820363998413086,4.611955642700195,0.4399999976158142,0.0,0.0,-0.5534100532531738,0.8329089283943176,frame_1774541691.1756952.pkl
367,00:04:32,272.2916934490204,1774541691.8774536,8.820363998413086,4.611955642700195,0.4399999976158142,0.0,0.0,-0.5534100532531738,0.8329089283943176,frame_1774541691.8774536.pkl
368,00:04:33,273.0651297569275,1774541692.6508899,8.818426132202148,4.616565704345703,0.4399999976158142,0.0,0.0,-0.5534101128578186,0.8329089283943176,frame_1774541692.6508899.pkl
369,00:04:33,273.82575249671936,1774541693.4115126,8.731243133544922,4.824018478393555,0.4399999976158142,0.0,0.0,-0.5534101128578186,0.8329089283943176,frame_1774541693.4115126.pkl
370,00:04:34,274.53477215766907,1774541694.1205323,8.73027515411377,4.826323509216309,0.4399999976158142,0.0,0.0,-0.5957527756690979,0.8031678795814514,frame_1774541694.1205323.pkl
371,00:04:35,275.26928544044495,1774541694.8550456,8.73027515411377,4.826323509216309,0.4399999976158142,0.0,0.0,-0.6428416967391968,0.7659990787506104,frame_1774541694.8550456.pkl
372,00:04:36,276.00484347343445,1774541695.5906036,8.73027515411377,4.826323509216309,0.4399999976158142,0.0,0.0,-0.6930437684059143,0.720895528793335,frame_1774541695.5906036.pkl
373,00:04:36,276.79137420654297,1774541696.3771343,8.73027515411377,4.826323509216309,0.4399999976158142,0.0,0.0,-0.7350245714187622,0.6780405640602112,frame_1774541696.3771343.pkl
374,00:04:37,277.660218000412,1774541697.245978,8.710956573486328,4.652420997619629,0.4399999976158142,0.0,0.0,-0.7451118230819702,0.6669396162033081,frame_1774541697.245978.pkl
375,00:04:38,278.3896224498749,1774541697.9753826,8.688884735107422,4.453675270080566,0.4399999976158142,0.0,0.0,-0.7451118230819702,0.6669396162033081,frame_1774541697.9753826.pkl
376,00:04:39,279.1090247631073,1774541698.6947849,8.666816711425781,4.254929542541504,0.4399999976158142,0.0,0.0,-0.7451118230819702,0.6669396162033081,frame_1774541698.6947849.pkl
377,00:04:39,279.89649081230164,1774541699.482251,8.641989707946777,4.031340599060059,0.4399999976158142,0.0,0.0,-0.7451118230819702,0.6669396162033081,frame_1774541699.482251.pkl
378,00:04:40,280.630606174469,1774541700.2163663,8.619921684265137,3.832594871520996,0.4399999976158142,0.0,0.0,-0.7451118230819702,0.6669396162033081,frame_1774541700.2163663.pkl
379,00:04:41,281.473703622818,1774541701.0594637,8.595094680786133,3.609005928039551,0.4399999976158142,0.0,0.0,-0.7451118230819702,0.6669396162033081,frame_1774541701.0594637.pkl
380,00:04:42,282.23410511016846,1774541701.8198652,8.584060668945312,3.5096330642700195,0.4399999976158142,0.0,0.0,-0.7247709035873413,0.6889899373054504,frame_1774541701.8198652.pkl
381,00:04:42,282.98020672798157,1774541702.5659668,8.585289001464844,3.4621410369873047,0.4399999976158142,0.0,0.0,-0.6978926658630371,0.7162023782730103,frame_1774541702.5659668.pkl
382,00:04:43,283.70663619041443,1774541703.2923963,8.589876174926758,3.284670829772949,0.4399999976158142,0.0,0.0,-0.6930423974990845,0.72089684009552,frame_1774541703.2923963.pkl
383,00:04:44,284.64127469062805,1774541704.2270348,8.589876174926758,3.284670829772949,0.4399999976158142,0.0,0.0,-0.6370761394500732,0.7708008885383606,frame_1774541704.2270348.pkl
384,00:04:45,285.41054582595825,1774541704.996306,8.62716293334961,3.0932741165161133,0.4399999976158142,0.0,0.0,-0.6359192132949829,0.7717556357383728,frame_1774541704.996306.pkl
385,00:04:46,286.23535680770874,1774541705.821117,8.637679100036621,3.039290428161621,0.4399999976158142,0.0,0.0,-0.601755678653717,0.7986802458763123,frame_1774541705.821117.pkl
386,00:04:47,287.05932879447937,1774541706.645089,8.637679100036621,3.039290428161621,0.4399999976158142,0.0,0.0,-0.5465133786201477,0.837450385093689,frame_1774541706.645089.pkl
387,00:04:47,287.90527391433716,1774541707.491034,8.728273391723633,2.833296775817871,0.4399999976158142,0.0,0.0,-0.5465133786201477,0.837450385093689,frame_1774541707.491034.pkl
388,00:04:48,288.62417364120483,1774541708.2099338,8.808801651000977,2.650191307067871,0.4399999976158142,0.0,0.0,-0.5465133786201477,0.837450385093689,frame_1774541708.2099338.pkl
389,00:04:49,289.37633514404297,1774541708.9620953,8.879263877868652,2.489974021911621,0.4399999976158142,0.0,0.0,-0.5465133786201477,0.837450385093689,frame_1774541708.9620953.pkl
390,00:04:50,290.33683490753174,1774541709.922595,8.989990234375,2.238204002380371,0.4399999976158142,0.0,0.0,-0.5465133786201477,0.837450385093689,frame_1774541709.922595.pkl
391,00:04:51,291.146493434906,1774541710.7322536,9.061458587646484,2.075697898864746,0.4399999976158142,0.0,0.0,-0.5521538257598877,0.8337422609329224,frame_1774541710.7322536.pkl
392,00:04:51,291.9271457195282,1774541711.5129058,9.061458587646484,2.075697898864746,0.4399999976158142,0.0,0.0,-0.6011532545089722,0.7991337776184082,frame_1774541711.5129058.pkl
393,00:04:52,292.6889524459839,1774541712.2747126,9.062973022460938,2.0658140182495117,0.4399999976158142,0.0,0.0,-0.6514118313789368,0.7587243318557739,frame_1774541712.2747126.pkl
394,00:04:53,293.4532198905945,1774541713.03898,9.093242645263672,1.8681364059448242,0.4399999976158142,0.0,0.0,-0.6514118313789368,0.7587243318557739,frame_1774541713.03898.pkl
395,00:04:54,294.3223786354065,1774541713.9081388,9.12729549407959,1.6457490921020508,0.4399999976158142,0.0,0.0,-0.6514118313789368,0.7587243318557739,frame_1774541713.9081388.pkl
396,00:04:55,295.07361912727356,1774541714.6593792,9.15378189086914,1.4727811813354492,0.4399999976158142,0.0,0.0,-0.6514118313789368,0.7587243318557739,frame_1774541714.6593792.pkl
397,00:04:55,295.7868719100952,1774541715.372632,9.184051513671875,1.2751035690307617,0.4399999976158142,0.0,0.0,-0.6514118313789368,0.7587243318557739,frame_1774541715.372632.pkl
398,00:04:56,296.61074137687683,1774541716.1965015,9.218104362487793,1.0527162551879883,0.4399999976158142,0.0,0.0,-0.6514118313789368,0.7587243318557739,frame_1774541716.1965015.pkl
399,00:04:57,297.44259667396545,1774541717.0283568,9.248373985290527,0.8550386428833008,0.4399999976158142,0.0,0.0,-0.6514118313789368,0.7587243318557739,frame_1774541717.0283568.pkl
400,00:04:58,298.3159852027893,1774541717.9017453,9.286211013793945,0.6079416275024414,0.4399999976158142,0.0,0.0,-0.6514118313789368,0.7587243318557739,frame_1774541717.9017453.pkl
401,00:04:59,299.11184668540955,1774541718.6976068,9.32026481628418,0.38555431365966797,0.4399999976158142,0.0,0.0,-0.6514118313789368,0.7587243318557739,frame_1774541718.6976068.pkl
402,00:04:59,299.9099769592285,1774541719.495737,9.350534439086914,0.18787670135498047,0.4399999976158142,0.0,0.0,-0.6514118313789368,0.7587243318557739,frame_1774541719.495737.pkl
403,00:05:00,300.6917974948883,1774541720.2775576,9.380804061889648,-0.009802818298339844,0.4399999976158142,0.0,0.0,-0.6514118313789368,0.7587243318557739,frame_1774541720.2775576.pkl
404,00:05:01,301.5639879703522,1774541721.149748,9.414856910705566,-0.23223304748535156,0.4399999976158142,0.0,0.0,-0.6514118313789368,0.7587243318557739,frame_1774541721.149748.pkl
405,00:05:02,302.3634400367737,1774541721.9492002,9.4451265335083,-0.4299488067626953,0.4399999976158142,0.0,0.0,-0.6514118313789368,0.7587243318557739,frame_1774541721.9492002.pkl
406,00:05:03,303.25761580467224,1774541722.843376,9.479179382324219,-0.652379035949707,0.4399999976158142,0.0,0.0,-0.6514118313789368,0.7587243318557739,frame_1774541722.843376.pkl
407,00:05:04,304.1389865875244,1774541723.7247467,9.513233184814453,-0.8748092651367188,0.4399999976158142,0.0,0.0,-0.6514118313789368,0.7587243318557739,frame_1774541723.7247467.pkl
408,00:05:04,304.94086718559265,1774541724.5266273,9.527233123779297,-0.9662528038024902,0.4399999976158142,0.0,0.0,-0.6755380630493164,0.737325131893158,frame_1774541724.5266273.pkl
409,00:05:05,305.761901140213,1774541725.3476613,9.528972625732422,-1.0537381172180176,0.4399999976158142,0.0,0.0,-0.7000340223312378,0.7141095399856567,frame_1774541725.3476613.pkl
410,00:05:06,306.47317385673523,1774541726.058934,9.532949447631836,-1.25370454788208,0.4399999976158142,0.0,0.0,-0.7000340223312378,0.7141095399856567,frame_1774541726.058934.pkl
411,00:05:07,307.2339766025543,1774541726.8197367,9.658916473388672,-1.3012166023254395,0.4399999976158142,0.0,0.0,-0.7000340223312378,0.7141095399856567,frame_1774541726.8197367.pkl
412,00:05:08,308.1049780845642,1774541727.6907382,9.66339111328125,-1.5261788368225098,0.4399999976158142,0.0,0.0,-0.7000340223312378,0.7141095399856567,frame_1774541727.6907382.pkl
413,00:05:08,308.89568567276,1774541728.4814458,9.667367935180664,-1.7261452674865723,0.4399999976158142,0.0,0.0,-0.7000340223312378,0.7141095399856567,frame_1774541728.4814458.pkl
414,00:05:09,309.6204526424408,1774541729.2062128,9.670846939086914,-1.901115894317627,0.4399999976158142,0.0,0.0,-0.7000340223312378,0.7141095399856567,frame_1774541729.2062128.pkl
415,00:05:10,310.56905150413513,1774541730.1548116,9.675321578979492,-2.1260781288146973,0.4399999976158142,0.0,0.0,-0.7000340223312378,0.7141095399856567,frame_1774541730.1548116.pkl
416,00:05:11,311.3080577850342,1774541730.893818,9.679298400878906,-2.3260445594787598,0.4399999976158142,0.0,0.0,-0.7000340223312378,0.7141095399856567,frame_1774541730.893818.pkl
417,00:05:12,312.1454916000366,1774541731.7312517,9.683772087097168,-2.55100679397583,0.4399999976158142,0.0,0.0,-0.7000340223312378,0.7141095399856567,frame_1774541731.7312517.pkl
418,00:05:12,312.9316031932831,1774541732.5173633,9.687748908996582,-2.7509732246398926,0.4399999976158142,0.0,0.0,-0.7000340223312378,0.7141095399856567,frame_1774541732.5173633.pkl
419,00:05:13,313.8207628726959,1774541733.406523,9.692222595214844,-2.975935459136963,0.4399999976158142,0.0,0.0,-0.7000340223312378,0.7141095399856567,frame_1774541733.406523.pkl
420,00:05:14,314.68557834625244,1774541734.2713385,9.696696281433105,-3.200897693634033,0.4399999976158142,0.0,0.0,-0.7000340223312378,0.7141095399856567,frame_1774541734.2713385.pkl
421,00:05:15,315.5540089607239,1774541735.139769,9.701171875,-3.4258599281311035,0.4399999976158142,0.0,0.0,-0.7000340223312378,0.7141095399856567,frame_1774541735.139769.pkl
422,00:05:16,316.43275117874146,1774541736.0185113,9.702515602111816,-3.4933485984802246,0.4399999976158142,0.0,0.0,-0.7329819202423096,0.6802481412887573,frame_1774541736.0185113.pkl
423,00:05:17,317.26678824424744,1774541736.8525484,9.702515602111816,-3.4933485984802246,0.4399999976158142,0.0,0.0,-0.7724536061286926,0.6350712776184082,frame_1774541736.8525484.pkl
424,00:05:18,318.01349329948425,1774541737.5992534,9.702515602111816,-3.4933485984802246,0.4399999976158142,0.0,0.0,-0.8091455698013306,0.5876080989837646,frame_1774541737.5992534.pkl
425,00:05:18,318.7905504703522,1774541738.3763106,9.702515602111816,-3.4933485984802246,0.4399999976158142,0.0,0.0,-0.8429251909255981,0.538030743598938,frame_1774541738.3763106.pkl
426,00:05:19,319.75886487960815,1774541739.344625,9.702515602111816,-3.4933485984802246,0.4399999976158142,0.0,0.0,0.8808697462081909,-0.47335875034332275,frame_1774541739.344625.pkl
427,00:05:20,320.5778765678406,1774541740.1636367,9.702515602111816,-3.4933485984802246,0.4399999976158142,0.0,0.0,0.9107926487922668,-0.4128641188144684,frame_1774541740.1636367.pkl
428,00:05:21,321.34239077568054,1774541740.928151,9.702515602111816,-3.4933485984802246,0.4399999976158142,0.0,0.0,0.9339119791984558,-0.35750308632850647,frame_1774541740.928151.pkl
429,00:05:22,322.31559896469116,1774541741.901359,9.536137580871582,-3.637277126312256,0.4399999976158142,0.0,0.0,0.9370918273925781,-0.34908297657966614,frame_1774541741.901359.pkl
430,00:05:23,323.21802258491516,1774541742.8037827,9.456729888916016,-3.705970287322998,0.4399999976158142,0.0,0.0,0.9490495920181274,-0.3151267468929291,frame_1774541742.8037827.pkl
431,00:05:24,324.0450806617737,1774541743.6308408,9.456729888916016,-3.705970287322998,0.4399999976158142,0.0,0.0,0.9681443572044373,-0.25039270520210266,frame_1774541743.6308408.pkl
432,00:05:24,324.90141320228577,1774541744.4871733,9.283852577209473,-3.801464080810547,0.4399999976158142,0.0,0.0,0.9683318734169006,-0.24966661632061005,frame_1774541744.4871733.pkl
433,00:05:25,325.7542133331299,1774541745.3399734,9.108786582946777,-3.8981666564941406,0.4399999976158142,0.0,0.0,0.9683318734169006,-0.24966661632061005,frame_1774541745.3399734.pkl
434,00:05:26,326.6379714012146,1774541746.2237315,8.88995361328125,-4.019044876098633,0.4399999976158142,0.0,0.0,0.9683318734169006,-0.24966661632061005,frame_1774541746.2237315.pkl
435,00:05:27,327.5145618915558,1774541747.100322,8.714887619018555,-4.115747451782227,0.4399999976158142,0.0,0.0,0.9683318734169006,-0.24966661632061005,frame_1774541747.100322.pkl
436,00:05:28,328.34198236465454,1774541747.9277425,8.539813041687012,-4.21245002746582,0.4399999976158142,0.0,0.0,0.9683318734169006,-0.24966661632061005,frame_1774541747.9277425.pkl
437,00:05:29,329.2602035999298,1774541748.8459637,8.320968627929688,-4.3333282470703125,0.4399999976158142,0.0,0.0,0.9683318734169006,-0.24966661632061005,frame_1774541748.8459637.pkl
438,00:05:30,330.0849609375,1774541749.670721,8.145893096923828,-4.430030822753906,0.4399999976158142,0.0,0.0,0.9683318734169006,-0.24966661632061005,frame_1774541749.670721.pkl
439,00:05:30,330.9332571029663,1774541750.5190172,7.970817565917969,-4.5267333984375,0.4399999976158142,0.0,0.0,0.9683318734169006,-0.24966661632061005,frame_1774541750.5190172.pkl
440,00:05:31,331.70656514167786,1774541751.2923253,7.795742034912109,-4.623435974121094,0.4399999976158142,0.0,0.0,0.9683318734169006,-0.24966661632061005,frame_1774541751.2923253.pkl
441,00:05:32,332.65316700935364,1774541752.2389271,7.773857593536377,-4.635523796081543,0.4399999976158142,0.0,0.0,0.9516190886497498,-0.3072803020477295,frame_1774541752.2389271.pkl
442,00:05:33,333.4798572063446,1774541753.0656173,7.773857593536377,-4.635523796081543,0.4399999976158142,0.0,0.0,0.9314817190170288,-0.3637881278991699,frame_1774541753.0656173.pkl
443,00:05:34,334.2331829071045,1774541753.818943,7.773857593536377,-4.635523796081543,0.4399999976158142,0.0,0.0,0.9111086130142212,-0.4121663570404053,frame_1774541753.818943.pkl
444,00:05:35,335.0009825229645,1774541754.5867426,7.773857593536377,-4.635523796081543,0.4399999976158142,0.0,0.0,0.884753406047821,-0.46605947613716125,frame_1774541754.5867426.pkl
445,00:05:35,335.79124689102173,1774541755.377007,7.773857593536377,-4.635523796081543,0.4399999976158142,0.0,0.0,-0.8590779900550842,0.5118446946144104,frame_1774541755.377007.pkl
446,00:05:36,336.5367615222931,1774541756.1225216,7.773857593536377,-4.635523796081543,0.4399999976158142,0.0,0.0,-0.8268413543701172,0.5624352097511292,frame_1774541756.1225216.pkl
447,00:05:37,337.2833080291748,1774541756.8690681,7.773857593536377,-4.635523796081543,0.4399999976158142,0.0,0.0,-0.796187162399292,0.6050504446029663,frame_1774541756.8690681.pkl
448,00:05:38,338.02848958969116,1774541757.6142497,7.768807888031006,-4.665095329284668,0.4399999976158142,0.0,0.0,-0.7643069624900818,0.6448525786399841,frame_1774541757.6142497.pkl
449,00:05:38,338.7707314491272,1774541758.3564916,7.735143184661865,-4.862238883972168,0.4399999976158142,0.0,0.0,-0.7643069624900818,0.6448525786399841,frame_1774541758.3564916.pkl
450,00:05:39,339.57787895202637,1774541759.163639,7.701478481292725,-5.059382438659668,0.4399999976158142,0.0,0.0,-0.7643069624900818,0.6448525786399841,frame_1774541759.163639.pkl
451,00:05:40,340.4368140697479,1774541760.0225742,7.663605690002441,-5.2811689376831055,0.4399999976158142,0.0,0.0,-0.7643069624900818,0.6448525786399841,frame_1774541760.0225742.pkl
452,00:05:41,341.16778469085693,1774541760.7535448,7.634149074554443,-5.453669548034668,0.4399999976158142,0.0,0.0,-0.7643069624900818,0.6448525786399841,frame_1774541760.7535448.pkl
453,00:05:56,356.7912554740906,1774541776.3770156,8.357189178466797,-6.488079071044922,0.4399999976158142,0.0,0.0,-0.05766219645738602,0.998336136341095,frame_1774541776.3770156.pkl
454,00:05:57,357.6371991634369,1774541777.2229593,8.42967700958252,-6.489482879638672,0.4399999976158142,0.0,0.0,-0.009673528373241425,0.9999532103538513,frame_1774541777.2229593.pkl
455,00:05:58,358.3751029968262,1774541777.960863,8.604647636413574,-6.492870807647705,0.4399999976158142,0.0,0.0,-0.009673528373241425,0.9999532103538513,frame_1774541777.960863.pkl
456,00:05:59,359.03824186325073,1774541778.624002,8.65713882446289,-6.493886947631836,0.4399999976158142,0.0,0.0,0.026967322453856468,0.9996362924575806,frame_1774541778.624002.pkl
457,00:05:59,359.759220123291,1774541779.3449802,8.65713882446289,-6.493886947631836,0.4399999976158142,0.0,0.0,0.0793803483247757,0.9968444108963013,frame_1774541779.3449802.pkl
458,00:06:00,360.46775698661804,1774541780.053517,8.65713882446289,-6.493886947631836,0.4399999976158142,0.0,0.0,0.13157837092876434,0.9913057684898376,frame_1774541780.053517.pkl
459,00:06:01,361.18884801864624,1774541780.7746081,8.65713882446289,-6.493886947631836,0.4399999976158142,0.0,0.0,0.19078214466571808,0.98163241147995,frame_1774541780.7746081.pkl
460,00:06:16,376.6200406551361,1774541796.2058008,8.018354415893555,-5.874199867248535,0.4399999976158142,0.0,0.0,0.9267564415931702,0.3756628632545471,frame_1774541796.2058008.pkl
461,00:06:17,377.48518109321594,1774541797.0709412,7.8227715492248535,-5.684464454650879,0.4399999976158142,0.0,0.0,0.9267564415931702,0.3756628632545471,frame_1774541797.0709412.pkl
462,00:06:18,378.2193937301636,1774541797.8051538,7.697167873382568,-5.562615871429443,0.4399999976158142,0.0,0.0,0.9267564415931702,0.3756628632545471,frame_1774541797.8051538.pkl
463,00:06:19,379.08804273605347,1774541798.6738029,7.5536208152771,-5.423360347747803,0.4399999976158142,0.0,0.0,0.9267564415931702,0.3756628632545471,frame_1774541798.6738029.pkl
464,00:06:19,379.86326575279236,1774541799.4490259,7.480052947998047,-5.351991653442383,0.4399999976158142,0.0,0.0,0.9153742790222168,0.40260395407676697,frame_1774541799.4490259.pkl
465,00:06:20,380.675021648407,1774541800.2607818,7.443357467651367,-5.304521560668945,0.4399999976158142,0.0,0.0,0.8976633548736572,0.44068193435668945,frame_1774541800.2607818.pkl
466,00:06:21,381.44452238082886,1774541801.0302825,7.321039199829102,-5.14628791809082,0.4399999976158142,0.0,0.0,0.8976633548736572,0.44068193435668945,frame_1774541801.0302825.pkl
467,00:06:22,382.1501019001007,1774541801.735862,7.214010715484619,-5.007833480834961,0.4399999976158142,0.0,0.0,0.8976632952690125,0.44068199396133423,frame_1774541801.735862.pkl
468,00:06:22,382.93508076667786,1774541802.520841,7.106982231140137,-4.869379043579102,0.4399999976158142,0.0,0.0,0.8976633548736572,0.44068193435668945,frame_1774541802.520841.pkl
469,00:06:23,383.7687804698944,1774541803.3545406,6.984663963317871,-4.711145401000977,0.4399999976158142,0.0,0.0,0.8976633548736572,0.44068193435668945,frame_1774541803.3545406.pkl
470,00:06:24,384.5917053222656,1774541804.1774654,6.847055912017822,-4.533132553100586,0.4399999976158142,0.0,0.0,0.8976632952690125,0.44068199396133423,frame_1774541804.1774654.pkl
471,00:06:25,385.3177721500397,1774541804.9035323,6.74002742767334,-4.394678115844727,0.4399999976158142,0.0,0.0,0.8976633548736572,0.44068193435668945,frame_1774541804.9035323.pkl
472,00:06:26,386.15083861351013,1774541805.7365987,6.6024041175842285,-4.216665267944336,0.4399999976158142,0.0,0.0,0.8976632952690125,0.44068199396133423,frame_1774541805.7365987.pkl
473,00:06:26,386.8812577724457,1774541806.467018,6.570290565490723,-4.175128936767578,0.4399999976158142,0.0,0.0,0.8808668851852417,0.47336411476135254,frame_1774541806.467018.pkl
474,00:06:27,387.67885637283325,1774541807.2646165,6.570290565490723,-4.175128936767578,0.4399999976158142,0.0,0.0,0.8508986830711365,0.5253298282623291,frame_1774541807.2646165.pkl
475,00:06:28,388.3863079547882,1774541807.972068,6.570290565490723,-4.175128936767578,0.4399999976158142,0.0,0.0,0.8221606016159058,0.5692557096481323,frame_1774541807.972068.pkl
476,00:06:29,389.1560046672821,1774541808.7417648,6.570290565490723,-4.175128936767578,0.4399999976158142,0.0,0.0,0.7865460515022278,0.6175316572189331,frame_1774541808.7417648.pkl
477,00:06:29,389.956503868103,1774541809.542264,6.570290565490723,-4.175128936767578,0.4399999976158142,0.0,0.0,0.7530573606491089,0.6579549312591553,frame_1774541809.542264.pkl
478,00:06:30,390.6958565711975,1774541810.2816167,6.562159538269043,-4.070446968078613,0.4399999976158142,0.0,0.0,0.7340021729469299,0.6791471838951111,frame_1774541810.2816167.pkl
479,00:06:31,391.3944969177246,1774541810.980257,6.54860782623291,-3.895977020263672,0.4399999976158142,0.0,0.0,0.7340021729469299,0.6791471838951111,frame_1774541810.980257.pkl
480,00:06:32,392.20912289619446,1774541811.794883,6.531184196472168,-3.671658515930176,0.4399999976158142,0.0,0.0,0.7340021729469299,0.6791471838951111,frame_1774541811.794883.pkl
481,00:06:32,392.9583888053894,1774541812.544149,6.517632484436035,-3.4971885681152344,0.4399999976158142,0.0,0.0,0.7340021729469299,0.6791471838951111,frame_1774541812.544149.pkl
482,00:06:33,393.7376379966736,1774541813.323398,6.504080772399902,-3.322718620300293,0.4399999976158142,0.0,0.0,0.7340021729469299,0.6791471838951111,frame_1774541813.323398.pkl
483,00:06:34,394.5220386981964,1774541814.1077988,6.488593101501465,-3.123324394226074,0.4399999976158142,0.0,0.0,0.7340021729469299,0.6791471838951111,frame_1774541814.1077988.pkl
484,00:06:35,395.2116901874542,1774541814.7974503,6.475041389465332,-2.948854446411133,0.4399999976158142,0.0,0.0,0.7340021729469299,0.6791471838951111,frame_1774541814.7974503.pkl
485,00:06:35,395.9035437107086,1774541815.4893038,6.461489677429199,-2.7743844985961914,0.4399999976158142,0.0,0.0,0.7340021729469299,0.6791471838951111,frame_1774541815.4893038.pkl
486,00:06:36,396.69397616386414,1774541816.2797363,6.446002006530762,-2.5749902725219727,0.4399999976158142,0.0,0.0,0.7340021729469299,0.6791471838951111,frame_1774541816.2797363.pkl
487,00:06:37,397.48020792007446,1774541817.065968,6.430514335632324,-2.375596046447754,0.4399999976158142,0.0,0.0,0.7340021729469299,0.6791471838951111,frame_1774541817.065968.pkl
488,00:06:38,398.2776575088501,1774541817.8634176,6.415026664733887,-2.176201820373535,0.4399999976158142,0.0,0.0,0.7340021729469299,0.6791471838951111,frame_1774541817.8634176.pkl
489,00:06:39,399.05102467536926,1774541818.6367848,6.399538993835449,-1.9768075942993164,0.4399999976158142,0.0,0.0,0.7340021729469299,0.6791471838951111,frame_1774541818.6367848.pkl
490,00:06:39,399.7437982559204,1774541819.3295584,6.385987281799316,-1.802337646484375,0.4399999976158142,0.0,0.0,0.7340021729469299,0.6791471838951111,frame_1774541819.3295584.pkl
491,00:06:40,400.4622232913971,1774541820.0479834,6.374371528625488,-1.652791976928711,0.4399999976158142,0.0,0.0,0.7340021729469299,0.6791471838951111,frame_1774541820.0479834.pkl
492,00:06:41,401.3333821296692,1774541820.9191422,6.356947898864746,-1.4284734725952148,0.4399999976158142,0.0,0.0,0.7340021729469299,0.6791471838951111,frame_1774541820.9191422.pkl
493,00:06:42,402.0500843524933,1774541821.6358445,6.343396186828613,-1.2540035247802734,0.4399999976158142,0.0,0.0,0.7340021729469299,0.6791471838951111,frame_1774541821.6358445.pkl
494,00:06:42,402.78143405914307,1774541822.3671942,6.327908515930176,-1.0546092987060547,0.4399999976158142,0.0,0.0,0.7340021729469299,0.6791471838951111,frame_1774541822.3671942.pkl
495,00:06:43,403.4990108013153,1774541823.084771,6.314356803894043,-0.8801393508911133,0.4399999976158142,0.0,0.0,0.7340021729469299,0.6791471838951111,frame_1774541823.084771.pkl
496,00:06:44,404.2956359386444,1774541823.881396,6.30080509185791,-0.7056694030761719,0.4399999976158142,0.0,0.0,0.7340021729469299,0.6791471838951111,frame_1774541823.881396.pkl
497,00:06:45,405.09690713882446,1774541824.6826673,6.283381462097168,-0.4813508987426758,0.4399999976158142,0.0,0.0,0.7340021729469299,0.6791471838951111,frame_1774541824.6826673.pkl
498,00:06:45,405.9136459827423,1774541825.499406,6.2678937911987305,-0.28195667266845703,0.4399999976158142,0.0,0.0,0.7340021729469299,0.6791471838951111,frame_1774541825.499406.pkl
499,00:06:46,406.7588937282562,1774541826.3446538,6.252406120300293,-0.08256244659423828,0.4399999976158142,0.0,0.0,0.7340021729469299,0.6791471838951111,frame_1774541826.3446538.pkl
500,00:06:47,407.54132080078125,1774541827.127081,6.252406120300293,-0.08256244659423828,0.4399999976158142,0.0,0.0,0.7734056115150452,0.6339114904403687,frame_1774541827.127081.pkl
501,00:06:48,408.2334702014923,1774541827.8192303,6.252406120300293,-0.08256244659423828,0.4399999976158142,0.0,0.0,0.805605411529541,0.5924524664878845,frame_1774541827.8192303.pkl
502,00:06:48,408.9966962337494,1774541828.5824564,6.252406120300293,-0.08256244659423828,0.4399999976158142,0.0,0.0,0.8396820425987244,0.5430785417556763,frame_1774541828.5824564.pkl
503,00:06:49,409.7802858352661,1774541829.366046,6.252406120300293,-0.08256244659423828,0.4399999976158142,0.0,0.0,0.8707340955734253,0.4917541742324829,frame_1774541829.366046.pkl
504,00:06:50,410.4720265865326,1774541830.0577867,6.252406120300293,-0.08256244659423828,0.4399999976158142,0.0,0.0,0.8986527919769287,0.4386606812477112,frame_1774541830.0577867.pkl
505,00:06:51,411.195200920105,1774541830.780961,6.252406120300293,-0.08256244659423828,0.4399999976158142,0.0,0.0,0.9204317927360535,0.39090314507484436,frame_1774541830.780961.pkl
506,00:06:51,411.9379999637604,1774541831.52376,6.252406120300293,-0.08256244659423828,0.4399999976158142,0.0,0.0,0.94221431016922,0.335010826587677,frame_1774541831.52376.pkl
507,00:06:52,412.7336456775665,1774541832.3194058,6.252406120300293,-0.08256244659423828,0.4399999976158142,0.0,0.0,0.9606063365936279,0.2779127359390259,frame_1774541832.3194058.pkl
508,00:06:53,413.47531509399414,1774541833.0610752,6.252406120300293,-0.08256244659423828,0.4399999976158142,0.0,0.0,0.9755415320396423,0.21981534361839294,frame_1774541833.0610752.pkl
509,00:06:54,414.3121955394745,1774541833.8979557,6.252406120300293,-0.08256244659423828,0.4399999976158142,0.0,0.0,0.9869663715362549,0.1609266996383667,frame_1774541833.8979557.pkl
510,00:06:55,415.04104709625244,1774541834.6268072,6.252406120300293,-0.08256244659423828,0.4399999976158142,0.0,0.0,0.9948397278785706,0.10145898163318634,frame_1774541834.6268072.pkl
511,00:06:55,415.7454671859741,1774541835.3312273,6.207756996154785,-0.07694053649902344,0.4399999976158142,0.0,0.0,0.9980390071868896,0.06259573996067047,frame_1774541835.3312273.pkl
512,00:06:56,416.46203351020813,1774541836.0477936,6.034121513366699,-0.055077552795410156,0.4399999976158142,0.0,0.0,0.9980390071868896,0.06259573996067047,frame_1774541836.0477936.pkl
513,00:06:57,417.1496260166168,1774541836.7353861,5.860486030578613,-0.033214569091796875,0.4399999976158142,0.0,0.0,0.9980390071868896,0.06259573996067047,frame_1774541836.7353861.pkl
514,00:06:57,417.898131608963,1774541837.4838917,5.662045478820801,-0.008228302001953125,0.4399999976158142,0.0,0.0,0.9980390071868896,0.06259573996067047,frame_1774541837.4838917.pkl
515,00:06:58,418.85993456840515,1774541838.4456947,5.389189720153809,0.026167869567871094,0.4399999976158142,0.0,0.0,0.9980390071868896,0.06259573996067047,frame_1774541838.4456947.pkl
516,00:06:59,419.61337208747864,1774541839.1991322,5.240359306335449,0.044936180114746094,0.4399999976158142,0.0,0.0,0.9984803199768066,0.05510928854346275,frame_1774541839.1991322.pkl
517,00:07:00,420.36684918403625,1774541839.9526093,5.240359306335449,0.044936180114746094,0.4399999976158142,0.0,0.0,0.9999881982803345,-0.004858430940657854,frame_1774541839.9526093.pkl
518,00:07:01,421.12288665771484,1774541840.7086468,5.240359306335449,0.044936180114746094,0.4399999976158142,0.0,0.0,0.9983556866645813,-0.05732320621609688,frame_1774541840.7086468.pkl
519,00:07:02,422.05794501304626,1774541841.6437051,5.240359306335449,0.044936180114746094,0.4399999976158142,0.0,0.0,0.9912546277046204,-0.13196328282356262,frame_1774541841.6437051.pkl
520,00:07:02,422.80187582969666,1774541842.387636,5.195594310760498,0.02904510498046875,0.4399999976158142,0.0,0.0,0.9854835867881775,-0.16977086663246155,frame_1774541842.387636.pkl
521,00:07:03,423.56252694129944,1774541843.148287,5.030670642852783,-0.029500961303710938,0.4399999976158142,0.0,0.0,0.9854835867881775,-0.16977086663246155,frame_1774541843.148287.pkl
522,00:07:04,424.32676124572754,1774541843.9125214,4.959989070892334,-0.054592132568359375,0.4399999976158142,0.0,0.0,0.9784262180328369,-0.2065964788198471,frame_1774541843.9125214.pkl
523,00:07:05,425.02508568763733,1774541844.6108458,4.959989070892334,-0.054592132568359375,0.4399999976158142,0.0,0.0,0.9642778635025024,-0.2648929953575134,frame_1774541844.6108458.pkl
524,00:07:05,425.94380044937134,1774541845.5295606,4.959989070892334,-0.054592132568359375,0.4399999976158142,0.0,0.0,0.944216251373291,-0.3293260633945465,frame_1774541845.5295606.pkl
525,00:07:06,426.6401493549347,1774541846.2259095,4.959989070892334,-0.054592132568359375,0.4399999976158142,0.0,0.0,0.9256343841552734,-0.3784191310405731,frame_1774541846.2259095.pkl
526,00:07:07,427.4245226383209,1774541847.0102828,4.959989070892334,-0.054592132568359375,0.4399999976158142,0.0,0.0,0.9012775421142578,-0.43324223160743713,frame_1774541847.0102828.pkl
527,00:07:08,428.1940486431122,1774541847.7798088,4.959989070892334,-0.054592132568359375,0.4399999976158142,0.0,0.0,0.873675525188446,-0.4865090847015381,frame_1774541847.7798088.pkl
528,00:07:08,428.9615411758423,1774541848.5473013,4.933587551116943,-0.10847091674804688,0.4399999976158142,0.0,0.0,-0.8485331535339355,0.5291422605514526,frame_1774541848.5473013.pkl
529,00:07:09,429.7390971183777,1774541849.3248572,4.856583118438721,-0.26561737060546875,0.4399999976158142,0.0,0.0,-0.8485331535339355,0.5291422605514526,frame_1774541849.3248572.pkl
530,00:07:10,430.550012588501,1774541850.1357727,4.7894792556762695,-0.4025592803955078,0.4399999976158142,0.0,0.0,-0.8368247151374817,0.5474708080291748,frame_1774541850.1357727.pkl
531,00:07:11,431.26931285858154,1774541850.855073,4.7894792556762695,-0.4025592803955078,0.4399999976158142,0.0,0.0,-0.8069433569908142,0.5906288623809814,frame_1774541850.855073.pkl
532,00:07:12,432.1441020965576,1774541851.7298622,4.721458435058594,-0.6170501708984375,0.4399999976158142,0.0,0.0,-0.8069433569908142,0.5906288623809814,frame_1774541851.7298622.pkl
533,00:07:12,432.855185508728,1774541852.4409456,4.6934943199157715,-0.7052297592163086,0.4399999976158142,0.0,0.0,-0.7920798659324646,0.6104177236557007,frame_1774541852.4409456.pkl
534,00:07:13,433.6377811431885,1774541853.2235413,4.6934943199157715,-0.7052297592163086,0.4399999976158142,0.0,0.0,-0.7540509700775146,0.6568159461021423,frame_1774541853.2235413.pkl
535,00:07:14,434.4766364097595,1774541854.0623965,4.666066646575928,-0.9033269882202148,0.4399999976158142,0.0,0.0,-0.7540509700775146,0.6568159461021423,frame_1774541854.0623965.pkl
536,00:07:15,435.2223219871521,1774541854.808082,4.652352809906006,-1.002375602722168,0.4399999976158142,0.0,0.0,-0.7340102791786194,0.6791384220123291,frame_1774541854.808082.pkl
537,00:07:15,435.96564626693726,1774541855.5514064,4.646996974945068,-1.1222639083862305,0.4399999976158142,0.0,0.0,-0.722705066204071,0.6911565661430359,frame_1774541855.5514064.pkl
538,00:07:16,436.66160702705383,1774541856.2473671,4.639186382293701,-1.2971010208129883,0.4399999976158142,0.0,0.0,-0.722705066204071,0.6911565661430359,frame_1774541856.2473671.pkl
539,00:07:17,437.43266248703003,1774541857.0184226,4.630259990692139,-1.4969148635864258,0.4399999976158142,0.0,0.0,-0.722705066204071,0.6911565661430359,frame_1774541857.0184226.pkl
540,00:07:18,438.3200988769531,1774541857.905859,4.621333599090576,-1.6967287063598633,0.4399999976158142,0.0,0.0,-0.722705066204071,0.6911565661430359,frame_1774541857.905859.pkl
541,00:07:19,439.1385147571564,1774541858.7242749,4.611291408538818,-1.9215192794799805,0.4399999976158142,0.0,0.0,-0.722705066204071,0.6911565661430359,frame_1774541858.7242749.pkl
542,00:07:19,439.9142904281616,1774541859.5000505,4.603480815887451,-2.0963563919067383,0.4399999976158142,0.0,0.0,-0.722705066204071,0.6911565661430359,frame_1774541859.5000505.pkl
543,00:07:20,440.71449756622314,1774541860.3002577,4.594554424285889,-2.296170234680176,0.4399999976158142,0.0,0.0,-0.722705066204071,0.6911565661430359,frame_1774541860.3002577.pkl
544,00:07:21,441.45843625068665,1774541861.0441964,4.5867438316345215,-2.4710073471069336,0.4399999976158142,0.0,0.0,-0.722705066204071,0.6911565661430359,frame_1774541861.0441964.pkl
545,00:07:22,442.20434761047363,1774541861.7901077,4.578933238983154,-2.6458444595336914,0.4399999976158142,0.0,0.0,-0.722705066204071,0.6911565661430359,frame_1774541861.7901077.pkl
546,00:07:22,442.91764783859253,1774541862.503408,4.570006847381592,-2.845658302307129,0.4399999976158142,0.0,0.0,-0.722705066204071,0.6911565661430359,frame_1774541862.503408.pkl
547,00:07:23,443.6845278739929,1774541863.270288,4.562196254730225,-3.0204954147338867,0.4399999976158142,0.0,0.0,-0.722705066204071,0.6911565661430359,frame_1774541863.270288.pkl
548,00:07:24,444.4919624328613,1774541864.0777225,4.553269863128662,-3.220309257507324,0.4399999976158142,0.0,0.0,-0.722705066204071,0.6911565661430359,frame_1774541864.0777225.pkl
549,00:07:25,445.18143606185913,1774541864.7671962,4.545459270477295,-3.395146369934082,0.4399999976158142,0.0,0.0,-0.722705066204071,0.6911565661430359,frame_1774541864.7671962.pkl
550,00:07:25,445.97819566726685,1774541865.5639558,4.536532878875732,-3.5949602127075195,0.4399999976158142,0.0,0.0,-0.722705066204071,0.6911565661430359,frame_1774541865.5639558.pkl
551,00:07:26,446.6783757209778,1774541866.2641358,4.52760648727417,-3.794774055480957,0.4399999976158142,0.0,0.0,-0.722705066204071,0.6911565661430359,frame_1774541866.2641358.pkl
552,00:07:27,447.4495277404785,1774541867.0352879,4.519795894622803,-3.969611167907715,0.4399999976158142,0.0,0.0,-0.722705066204071,0.6911565661430359,frame_1774541867.0352879.pkl
553,00:07:28,448.1810507774353,1774541867.766811,4.51086950302124,-4.169408798217773,0.4399999976158142,0.0,0.0,-0.722705066204071,0.6911565661430359,frame_1774541867.766811.pkl
554,00:07:28,448.98387813568115,1774541868.5696383,4.501943111419678,-4.369203567504883,0.4399999976158142,0.0,0.0,-0.722705066204071,0.6911565661430359,frame_1774541868.5696383.pkl
555,00:07:29,449.80094265937805,1774541869.3867028,4.493016719818115,-4.568998336791992,0.4399999976158142,0.0,0.0,-0.722705066204071,0.6911565661430359,frame_1774541869.3867028.pkl
556,00:07:30,450.6677746772766,1774541870.2535348,4.482974529266357,-4.79376745223999,0.4399999976158142,0.0,0.0,-0.722705066204071,0.6911565661430359,frame_1774541870.2535348.pkl
557,00:07:31,451.3680591583252,1774541870.9538193,4.474048137664795,-4.9935622215271,0.4399999976158142,0.0,0.0,-0.722705066204071,0.6911565661430359,frame_1774541870.9538193.pkl
558,00:07:32,452.0751852989197,1774541871.6609454,4.471035480499268,-5.060993194580078,0.4399999976158142,0.0,0.0,-0.7446161508560181,0.6674929857254028,frame_1774541871.6609454.pkl
559,00:07:32,452.80885004997253,1774541872.3946102,4.471035480499268,-5.060993194580078,0.4399999976158142,0.0,0.0,-0.7786170840263367,0.6274994611740112,frame_1774541872.3946102.pkl
560,00:07:33,453.4857323169708,1774541873.0714924,4.471035480499268,-5.060993194580078,0.4399999976158142,0.0,0.0,-0.8104727864265442,0.5857763886451721,frame_1774541873.0714924.pkl
561,00:07:34,454.22786116600037,1774541873.8136213,4.471035480499268,-5.060993194580078,0.4399999976158142,0.0,0.0,-0.8400948643684387,0.5424394011497498,frame_1774541873.8136213.pkl
562,00:07:34,454.98381423950195,1774541874.5695744,4.471035480499268,-5.060993194580078,0.4399999976158142,0.0,0.0,0.8711081147193909,-0.4910913109779358,frame_1774541874.5695744.pkl
563,00:07:35,455.7308187484741,1774541875.3165789,4.471035480499268,-5.060993194580078,0.4399999976158142,0.0,0.0,0.8989897966384888,-0.43796950578689575,frame_1774541875.3165789.pkl
564,00:07:36,456.57868790626526,1774541876.164448,4.375076770782471,-5.176292419433594,0.4399999976158142,0.0,0.0,0.9054585099220276,-0.42443475127220154,frame_1774541876.164448.pkl
565,00:07:37,457.49622654914856,1774541877.0819867,4.235936641693115,-5.343476295471191,0.4399999976158142,0.0,0.0,0.9095539450645447,-0.41558587551116943,frame_1774541877.0819867.pkl
566,00:07:38,458.2980201244354,1774541877.8837802,4.235936641693115,-5.343476295471191,0.4399999976158142,0.0,0.0,0.9301097989082336,-0.36728164553642273,frame_1774541877.8837802.pkl
567,00:07:39,459.05635499954224,1774541878.642115,4.170016765594482,-5.397130966186523,0.4399999976158142,0.0,0.0,0.9422257542610168,-0.3349785804748535,frame_1774541878.642115.pkl
568,00:07:39,459.7327210903168,1774541879.3184812,4.053687572479248,-5.491816520690918,0.4399999976158142,0.0,0.0,0.9422257542610168,-0.3349785804748535,frame_1774541879.3184812.pkl
569,00:07:40,460.5944125652313,1774541880.1801727,3.9625630378723145,-5.5659871101379395,0.4399999976158142,0.0,0.0,0.9525375366210938,-0.30442115664482117,frame_1774541880.1801727.pkl
570,00:07:41,461.525292634964,1774541881.1110528,3.893608570098877,-5.6065449714660645,0.4399999976158142,0.0,0.0,0.9648752212524414,-0.2627086043357849,frame_1774541881.1110528.pkl
571,00:07:42,462.3189649581909,1774541881.904725,3.721222400665283,-5.707939624786377,0.4399999976158142,0.0,0.0,0.9648752212524414,-0.2627086043357849,frame_1774541881.904725.pkl
572,00:07:43,463.09370017051697,1774541882.6794603,3.6565775871276855,-5.745962619781494,0.4399999976158142,0.0,0.0,0.9740465879440308,-0.2263476699590683,frame_1774541882.6794603.pkl
573,00:07:43,463.8178825378418,1774541883.4036427,3.6565775871276855,-5.745962619781494,0.4399999976158142,0.0,0.0,0.9858673214912415,-0.16752810776233673,frame_1774541883.4036427.pkl
574,00:07:44,464.5998001098633,1774541884.1855602,3.527522563934326,-5.785552024841309,0.4399999976158142,0.0,0.0,0.9889467358589172,-0.148271381855011,frame_1774541884.1855602.pkl
575,00:07:45,465.44428873062134,1774541885.0300488,3.336329936981201,-5.844202995300293,0.4399999976158142,0.0,0.0,0.9889467358589172,-0.148271381855011,frame_1774541885.0300488.pkl
576,00:07:46,466.1737298965454,1774541885.75949,3.180985927581787,-5.891857147216797,0.4399999976158142,0.0,0.0,0.9905523061752319,-0.1371356099843979,frame_1774541885.75949.pkl
577,00:07:46,466.8816361427307,1774541886.4673963,3.180985927581787,-5.891857147216797,0.4399999976158142,0.0,0.0,0.9963842034339905,-0.08496207743883133,frame_1774541886.4673963.pkl
578,00:07:47,467.7414677143097,1774541887.3272278,3.180985927581787,-5.891857147216797,0.4399999976158142,0.0,0.0,0.999686062335968,-0.02505679242312908,frame_1774541887.3272278.pkl
579,00:07:48,468.5452070236206,1774541888.1309671,3.058483123779297,-5.892300605773926,0.4399999976158142,0.0,0.0,0.9999983310699463,-0.0018074067775160074,frame_1774541888.1309671.pkl
580,00:07:49,469.2816174030304,1774541888.8673775,2.858478546142578,-5.8930253982543945,0.4399999976158142,0.0,0.0,0.9999983310699463,-0.0018074067775160074,frame_1774541888.8673775.pkl
581,00:07:50,470.1162564754486,1774541889.7020166,2.6809778213500977,-5.893669128417969,0.4399999976158142,0.0,0.0,0.9999983310699463,-0.0018074067775160074,frame_1774541889.7020166.pkl
582,00:07:50,470.98976135253906,1774541890.5755215,2.458515167236328,-5.894474983215332,0.4399999976158142,0.0,0.0,0.9999983310699463,-0.0018074067775160074,frame_1774541890.5755215.pkl
583,00:07:51,471.74090909957886,1774541891.3266692,2.2585487365722656,-5.895199775695801,0.4399999976158142,0.0,0.0,0.9999983310699463,-0.0018074067775160074,frame_1774541891.3266692.pkl
584,00:07:52,472.5123257637024,1774541892.0980859,2.2035579681396484,-5.89539909362793,0.4399999976158142,0.0,0.0,0.9994155764579773,0.034183699637651443,frame_1774541892.0980859.pkl
585,00:07:53,473.26533341407776,1774541892.8510935,2.2035579681396484,-5.89539909362793,0.4399999976158142,0.0,0.0,0.995567798614502,0.09404681622982025,frame_1774541892.8510935.pkl
586,00:07:54,474.15219044685364,1774541893.7379506,2.032726287841797,-5.857481002807617,0.4399999976158142,0.0,0.0,0.9940452575683594,0.1089681014418602,frame_1774541893.7379506.pkl
587,00:07:54,474.94229006767273,1774541894.5280502,1.8374900817871094,-5.814146041870117,0.4399999976158142,0.0,0.0,0.9940452575683594,0.1089681014418602,frame_1774541894.5280502.pkl
588,00:07:55,475.74560832977295,1774541895.3313684,1.6422538757324219,-5.770811080932617,0.4399999976158142,0.0,0.0,0.9940452575683594,0.1089681014418602,frame_1774541895.3313684.pkl
589,00:07:56,476.48559737205505,1774541896.0713575,1.5177907943725586,-5.743185043334961,0.4399999976158142,0.0,0.0,0.9923917055130005,0.12312068045139313,frame_1774541896.0713575.pkl
590,00:07:57,477.17415165901184,1774541896.7599118,1.5177907943725586,-5.743185043334961,0.4399999976158142,0.0,0.0,0.9845641851425171,0.17502395808696747,frame_1774541896.7599118.pkl
591,00:07:57,477.95289039611816,1774541897.5386505,1.400136947631836,-5.694086074829102,0.4399999976158142,0.0,0.0,0.9805251359939575,0.19639362394809723,frame_1774541897.5386505.pkl
592,00:07:58,478.7306773662567,1774541898.3164375,1.2386512756347656,-5.626694679260254,0.4399999976158142,0.0,0.0,0.9805251359939575,0.19639362394809723,frame_1774541898.3164375.pkl
593,00:07:59,479.4965250492096,1774541899.0822852,1.0540962219238281,-5.549675941467285,0.4399999976158142,0.0,0.0,0.9805251359939575,0.19639362394809723,frame_1774541899.0822852.pkl
594,00:08:00,480.26581478118896,1774541899.851575,0.8926105499267578,-5.4822845458984375,0.4399999976158142,0.0,0.0,0.9805251359939575,0.19639362394809723,frame_1774541899.851575.pkl
595,00:08:01,481.04154229164124,1774541900.6273024,0.7080554962158203,-5.405265808105469,0.4399999976158142,0.0,0.0,0.9805251359939575,0.19639362394809723,frame_1774541900.6273024.pkl
596,00:08:01,481.910267829895,1774541901.496028,0.7057485580444336,-5.404302597045898,0.4399999976158142,0.0,0.0,0.9652432799339294,0.26135313510894775,frame_1774541901.496028.pkl
597,00:08:02,482.6256785392761,1774541902.2114387,0.6976537704467773,-5.398428916931152,0.4399999976158142,0.0,0.0,0.9511303305625916,0.30878975987434387,frame_1774541902.2114387.pkl
598,00:08:03,483.33778643608093,1774541902.9235466,0.555994987487793,-5.295639991760254,0.4399999976158142,0.0,0.0,0.9511303305625916,0.30878975987434387,frame_1774541902.9235466.pkl
599,00:08:04,484.02383041381836,1774541903.6095905,0.4143362045288086,-5.192850112915039,0.4399999976158142,0.0,0.0,0.9511303305625916,0.30878975987434387,frame_1774541903.6095905.pkl
600,00:08:04,484.80591583251953,1774541904.391676,0.3212461471557617,-5.125303268432617,0.4399999976158142,0.0,0.0,0.9454187750816345,0.32585781812667847,frame_1774541904.391676.pkl
601,00:08:05,485.61670303344727,1774541905.2024632,0.3212461471557617,-5.125303268432617,0.4399999976158142,0.0,0.0,0.9241793155670166,0.3819589912891388,frame_1774541905.2024632.pkl
602,00:08:06,486.392858505249,1774541905.9786186,0.3212461471557617,-5.125303268432617,0.4399999976158142,0.0,0.0,0.899614155292511,0.43668562173843384,frame_1774541905.9786186.pkl
603,00:08:07,487.14305448532104,1774541906.7288146,0.2867708206176758,-5.073178768157959,0.4399999976158142,0.0,0.0,0.8808417916297913,0.4734107255935669,frame_1774541906.7288146.pkl
604,00:08:07,487.90877413749695,1774541907.4945343,0.19023990631103516,-4.9272308349609375,0.4399999976158142,0.0,0.0,0.8808417916297913,0.4734107255935669,frame_1774541907.4945343.pkl
605,00:08:08,488.6464161872864,1774541908.2321763,0.11991024017333984,-4.820897102355957,0.4399999976158142,0.0,0.0,0.8740066289901733,0.485914021730423,frame_1774541908.2321763.pkl
606,00:08:09,489.4637951850891,1774541909.0495553,0.0852060317993164,-4.754406929016113,0.4399999976158142,0.0,0.0,0.8551756143569946,0.5183383822441101,frame_1774541909.0495553.pkl
607,00:08:10,490.3914783000946,1774541909.9772384,-0.018906593322753906,-4.554936408996582,0.4399999976158142,0.0,0.0,0.8551756143569946,0.5183383822441101,frame_1774541909.9772384.pkl
608,00:08:11,491.1348593235016,1774541910.7206194,-0.1114511489868164,-4.377629280090332,0.4399999976158142,0.0,0.0,0.8551756143569946,0.5183383822441101,frame_1774541910.7206194.pkl
609,00:08:11,491.8928518295288,1774541911.478612,-0.1924276351928711,-4.222485542297363,0.4399999976158142,0.0,0.0,0.8551756143569946,0.5183383822441101,frame_1774541911.478612.pkl
610,00:08:12,492.6245872974396,1774541912.2103474,-0.2734041213989258,-4.0673418045043945,0.4399999976158142,0.0,0.0,0.8551756143569946,0.5183383822441101,frame_1774541912.2103474.pkl
611,00:08:13,493.3775689601898,1774541912.963329,-0.3659486770629883,-3.8900346755981445,0.4399999976158142,0.0,0.0,0.8551756143569946,0.5183383822441101,frame_1774541912.963329.pkl
612,00:08:14,494.0926866531372,1774541913.6784468,-0.4318866729736328,-3.7637033462524414,0.4399999976158142,0.0,0.0,0.8500816822052002,0.5266509056091309,frame_1774541913.6784468.pkl
613,00:08:14,494.9903483390808,1774541914.5761085,-0.4318866729736328,-3.7637033462524414,0.4399999976158142,0.0,0.0,0.8126243352890015,0.5827881693840027,frame_1774541914.5761085.pkl
614,00:08:15,495.68169260025024,1774541915.2674527,-0.4614696502685547,-3.657771110534668,0.4399999976158142,0.0,0.0,0.7965943217277527,0.6045143008232117,frame_1774541915.2674527.pkl
615,00:08:16,496.3957772254944,1774541915.9815373,-0.5085334777832031,-3.4892425537109375,0.4399999976158142,0.0,0.0,0.7965943217277527,0.6045143008232117,frame_1774541915.9815373.pkl
616,00:08:17,497.204389333725,1774541916.7901495,-0.5623207092285156,-3.2966384887695312,0.4399999976158142,0.0,0.0,0.7965943217277527,0.6045143008232117,frame_1774541916.7901495.pkl
617,00:08:17,497.99182200431824,1774541917.5775821,-0.6161079406738281,-3.104034423828125,0.4399999976158142,0.0,0.0,0.7965943217277527,0.6045143008232117,frame_1774541917.5775821.pkl
618,00:08:18,498.7728750705719,1774541918.3586352,-0.6698951721191406,-2.9114303588867188,0.4399999976158142,0.0,0.0,0.7965943217277527,0.6045143008232117,frame_1774541918.3586352.pkl
619,00:08:19,499.5282790660858,1774541919.1140392,-0.5696640014648438,-2.805562973022461,0.4399999976158142,0.0,0.0,0.7965943217277527,0.6045143008232117,frame_1774541919.1140392.pkl
620,00:08:20,500.3170521259308,1774541919.9028122,-0.37702178955078125,-2.751737594604492,0.4399999976158142,0.0,0.0,0.7965943217277527,0.6045143008232117,frame_1774541919.9028122.pkl
621,00:08:21,501.02325987815857,1774541920.60902,-0.23494815826416016,-2.7120413780212402,0.4399999976158142,0.0,0.0,0.7965943217277527,0.6045143008232117,frame_1774541920.60902.pkl
622,00:08:21,501.7315092086792,1774541921.3172693,-0.23254013061523438,-2.7113685607910156,0.4399999976158142,0.0,0.0,0.7540062665939331,0.656867265701294,frame_1774541921.3172693.pkl
623,00:08:22,502.42430353164673,1774541922.0100636,-0.23254013061523438,-2.7113685607910156,0.4399999976158142,0.0,0.0,0.7184978723526001,0.6955291628837585,frame_1774541922.0100636.pkl
624,00:08:23,503.129759311676,1774541922.7155194,-0.23254013061523438,-2.7113685607910156,0.4399999976158142,0.0,0.0,0.6810097694396973,0.7322742938995361,frame_1774541922.7155194.pkl
625,00:08:23,503.953008890152,1774541923.538769,-0.23254013061523438,-2.7113685607910156,0.4399999976158142,0.0,0.0,0.6300661563873291,0.7765414714813232,frame_1774541923.538769.pkl
626,00:08:24,504.76982021331787,1774541924.3555803,-0.23254013061523438,-2.7113685607910156,0.4399999976158142,0.0,0.0,0.5762531757354736,0.8172712326049805,frame_1774541924.3555803.pkl
627,00:08:25,505.66554713249207,1774541925.2513072,-0.23254013061523438,-2.7113685607910156,0.4399999976158142,0.0,0.0,0.5198149681091309,0.8542788624763489,frame_1774541925.2513072.pkl
628,00:08:26,506.51721119880676,1774541926.1029713,-0.23254013061523438,-2.7113685607910156,0.4399999976158142,0.0,0.0,0.4610098898410797,0.8873949646949768,frame_1774541926.1029713.pkl
629,00:08:27,507.3872776031494,1774541926.9730377,-0.23254013061523438,-2.7113685607910156,0.4399999976158142,0.0,0.0,0.4001055061817169,0.9164690971374512,frame_1774541926.9730377.pkl
630,00:08:28,508.4136152267456,1774541927.9993753,-0.23254013061523438,-2.7113685607910156,0.4399999976158142,0.0,0.0,0.3303079903125763,0.9438732266426086,frame_1774541927.9993753.pkl
631,00:08:29,509.28808975219727,1774541928.8738499,-0.23254013061523438,-2.7113685607910156,0.4399999976158142,0.0,0.0,0.26589012145996094,0.964003324508667,frame_1774541928.8738499.pkl
632,00:08:30,510.0342962741852,1774541929.6200564,-0.23254013061523438,-2.7113685607910156,0.4399999976158142,0.0,0.0,0.20760487020015717,0.9782127737998962,frame_1774541929.6200564.pkl
633,00:08:30,510.9171004295349,1774541930.5028605,-0.21102237701416016,-2.704789638519287,0.4399999976158142,0.0,0.0,0.14782805740833282,0.9890130758285522,frame_1774541930.5028605.pkl
634,00:08:31,511.6900637149811,1774541931.2758238,-0.043662071228027344,-2.6536202430725098,0.4399999976158142,0.0,0.0,0.14782805740833282,0.9890130758285522,frame_1774541931.2758238.pkl
635,00:08:32,512.4027986526489,1774541931.9885588,0.14760684967041016,-2.5951409339904785,0.4399999976158142,0.0,0.0,0.14782805740833282,0.9890130758285522,frame_1774541931.9885588.pkl
636,00:08:33,513.1132853031158,1774541932.6990454,0.31496715545654297,-2.543971538543701,0.4399999976158142,0.0,0.0,0.14782805740833282,0.9890130758285522,frame_1774541932.6990454.pkl
637,00:08:33,513.8496308326721,1774541933.435391,0.4823274612426758,-2.492802143096924,0.4399999976158142,0.0,0.0,0.14782805740833282,0.9890130758285522,frame_1774541933.435391.pkl
638,00:08:34,514.6259632110596,1774541934.2117233,0.6472969055175781,-2.442363739013672,0.4399999976158142,0.0,0.0,0.139663428068161,0.9901990294456482,frame_1774541934.2117233.pkl
639,00:08:35,515.3585479259491,1774541934.944308,0.6472969055175781,-2.442363739013672,0.4399999976158142,0.0,0.0,0.08002899587154388,0.9967925548553467,frame_1774541934.944308.pkl
640,00:08:36,516.1091299057007,1774541935.69489,0.6472969055175781,-2.442363739013672,0.4399999976158142,0.0,0.0,0.027603518217802048,0.9996189475059509,frame_1774541935.69489.pkl
641,00:08:36,516.8603444099426,1774541936.4461045,0.6472969055175781,-2.442363739013672,0.4399999976158142,0.0,0.0,-0.032212406396865845,0.9994810819625854,frame_1774541936.4461045.pkl
642,00:08:37,517.6665256023407,1774541937.2522857,0.6472969055175781,-2.442363739013672,0.4399999976158142,0.0,0.0,-0.09208185225725174,0.9957514405250549,frame_1774541937.2522857.pkl
643,00:08:38,518.4700663089752,1774541938.0558264,0.6472969055175781,-2.442363739013672,0.4399999976158142,0.0,0.0,-0.15162323415279388,0.9884383678436279,frame_1774541938.0558264.pkl
644,00:08:39,519.218180179596,1774541938.8039403,0.6472969055175781,-2.442363739013672,0.4399999976158142,0.0,0.0,-0.21061815321445465,0.9775683879852295,frame_1774541938.8039403.pkl
645,00:08:39,519.9779582023621,1774541939.5637183,0.6472969055175781,-2.442363739013672,0.4399999976158142,0.0,0.0,-0.2688583433628082,0.9631797075271606,frame_1774541939.5637183.pkl
646,00:08:40,520.7480475902557,1774541940.3338077,0.6472969055175781,-2.442363739013672,0.4399999976158142,0.0,0.0,-0.32612988352775574,0.9453249573707581,frame_1774541940.3338077.pkl
647,00:08:41,521.4658970832825,1774541941.0516572,0.6472969055175781,-2.442363739013672,0.4399999976158142,0.0,0.0,-0.38222742080688477,0.9240682721138,frame_1774541941.0516572.pkl
648,00:08:42,522.2857258319855,1774541941.871486,0.6472969055175781,-2.442363739013672,0.4399999976158142,0.0,0.0,-0.43695029616355896,0.8994856476783752,frame_1774541941.871486.pkl
649,00:08:43,523.0809514522552,1774541942.6667116,0.6472969055175781,-2.442363739013672,0.4399999976158142,0.0,0.0,-0.49010032415390015,0.8716660141944885,frame_1774541942.6667116.pkl
650,00:08:43,523.7599666118622,1774541943.3457267,0.6472969055175781,-2.442363739013672,0.4399999976158142,0.0,0.0,-0.5414859652519226,0.8407098054885864,frame_1774541943.3457267.pkl
651,00:08:44,524.4796624183655,1774541944.0654225,0.6472969055175781,-2.442363739013672,0.4399999976158142,0.0,0.0,-0.5848562717437744,0.8111369609832764,frame_1774541944.0654225.pkl
652,00:08:45,525.1700708866119,1774541944.755831,0.6472969055175781,-2.442363739013672,0.4399999976158142,0.0,0.0,-0.6324425339698792,0.7746073007583618,frame_1774541944.755831.pkl
653,00:08:45,525.9048404693604,1774541945.4906006,0.6472969055175781,-2.442363739013672,0.4399999976158142,0.0,0.0,-0.6777530312538147,0.7352896332740784,frame_1774541945.4906006.pkl
654,00:08:46,526.6839489936829,1774541946.269709,0.6472969055175781,-2.442363739013672,0.4399999976158142,0.0,0.0,-0.7154043316841125,0.6987107396125793,frame_1774541946.269709.pkl
655,00:08:47,527.3901588916779,1774541946.975919,0.6472969055175781,-2.442363739013672,0.4399999976158142,0.0,0.0,-0.7560144662857056,0.6545549035072327,frame_1774541946.975919.pkl
656,00:08:48,528.1138124465942,1774541947.6995726,0.6472969055175781,-2.442363739013672,0.4399999976158142,0.0,0.0,-0.7893216013908386,0.6139799952507019,frame_1774541947.6995726.pkl
657,00:08:48,528.8647673130035,1774541948.4505274,0.6472969055175781,-2.442363739013672,0.4399999976158142,0.0,0.0,-0.824718177318573,0.5655439496040344,frame_1774541948.4505274.pkl
658,00:08:49,529.6138894557953,1774541949.1996496,0.5563545227050781,-2.4008026123046875,0.4399999976158142,0.0,0.0,-0.8413110375404358,0.5405512452125549,frame_1774541949.1996496.pkl
659,00:08:50,530.4217734336853,1774541950.0075336,0.3744697570800781,-2.3176803588867188,0.4399999976158142,0.0,0.0,-0.8413110375404358,0.5405512452125549,frame_1774541950.0075336.pkl
660,00:08:51,531.2026469707489,1774541950.788407,0.2630653381347656,-2.266767978668213,0.4399999976158142,0.0,0.0,-0.8285172581672668,0.5599638819694519,frame_1774541950.788407.pkl
661,00:08:51,531.9266633987427,1774541951.5124235,0.23140335083007812,-2.3616204261779785,0.4399999976158142,0.0,0.0,-0.8113477826118469,0.5845637917518616,frame_1774541951.5124235.pkl
662,00:08:52,532.8818175792694,1774541952.4675777,0.15224838256835938,-2.5987515449523926,0.4399999976158142,0.0,0.0,-0.8113477826118469,0.5845637917518616,frame_1774541952.4675777.pkl
663,00:08:53,533.6041531562805,1774541953.1899133,0.09683990478515625,-2.7647433280944824,0.4399999976158142,0.0,0.0,-0.8113477826118469,0.5845637917518616,frame_1774541953.1899133.pkl
664,00:08:54,534.3906400203705,1774541953.9764001,0.025600433349609375,-2.978161334991455,0.4399999976158142,0.0,0.0,-0.8113477826118469,0.5845637917518616,frame_1774541953.9764001.pkl
665,00:08:55,535.1868598461151,1774541954.77262,-0.037723541259765625,-3.1678662300109863,0.4399999976158142,0.0,0.0,-0.8113477826118469,0.5845637917518616,frame_1774541954.77262.pkl
666,00:08:56,536.0401258468628,1774541955.625886,-0.06226158142089844,-3.2413768768310547,0.4399999976158142,0.0,0.0,-0.7893215417861938,0.6139800548553467,frame_1774541955.625886.pkl
667,00:08:56,536.7874300479889,1774541956.3731902,-0.06226158142089844,-3.2413768768310547,0.4399999976158142,0.0,0.0,-0.7560144662857056,0.6545549035072327,frame_1774541956.3731902.pkl
668,00:08:57,537.5905249118805,1774541957.176285,-0.06226158142089844,-3.2413768768310547,0.4399999976158142,0.0,0.0,-0.7101439833641052,0.7040565013885498,frame_1774541957.176285.pkl
669,00:08:58,538.3089470863342,1774541957.8947072,-0.058579444885253906,-3.3388047218322754,0.4399999976158142,0.0,0.0,-0.6935837864875793,0.7203759551048279,frame_1774541957.8947072.pkl
670,00:08:59,539.1417577266693,1774541958.7275178,-0.051026344299316406,-3.538656711578369,0.4399999976158142,0.0,0.0,-0.6935837864875793,0.7203759551048279,frame_1774541958.7275178.pkl
671,00:08:59,539.8580701351166,1774541959.4438303,-0.043473243713378906,-3.738508701324463,0.4399999976158142,0.0,0.0,-0.6935837864875793,0.7203759551048279,frame_1774541959.4438303.pkl
672,00:09:00,540.6118381023407,1774541960.1975982,-0.035920143127441406,-3.9383606910705566,0.4399999976158142,0.0,0.0,-0.6935837864875793,0.7203759551048279,frame_1774541960.1975982.pkl
673,00:09:01,541.3665866851807,1774541960.9523468,-0.029311180114746094,-4.113231182098389,0.4399999976158142,0.0,0.0,-0.6935837864875793,0.7203759551048279,frame_1774541960.9523468.pkl
674,00:09:02,542.1478016376495,1774541961.7335618,-0.021758079528808594,-4.313083171844482,0.4399999976158142,0.0,0.0,-0.6935837864875793,0.7203759551048279,frame_1774541961.7335618.pkl
675,00:09:02,542.8826725482941,1774541962.4684327,-0.021097183227539062,-4.330570220947266,0.4399999976158142,0.0,0.0,-0.6531231999397278,0.7572516202926636,frame_1774541962.4684327.pkl
676,00:09:03,543.6609756946564,1774541963.2467358,-0.013855934143066406,-4.328620910644531,0.4399999976158142,0.0,0.0,-0.6083254814147949,0.7936877012252808,frame_1774541963.2467358.pkl
677,00:09:04,544.5074338912964,1774541964.093194,0.1792440414428711,-4.276645660400391,0.4399999976158142,0.0,0.0,-0.6083254814147949,0.7936877012252808,frame_1774541964.093194.pkl
678,00:09:05,545.2702081203461,1774541964.8559682,0.3429136276245117,-4.240358352661133,0.4399999976158142,0.0,0.0,-0.6083254814147949,0.7936877012252808,frame_1774541964.8559682.pkl
679,00:09:06,546.0008447170258,1774541965.5866048,0.3948698043823242,-4.433477401733398,0.4399999976158142,0.0,0.0,-0.6083254814147949,0.7936877012252808,frame_1774541965.5866048.pkl
680,00:09:06,546.7655138969421,1774541966.351274,0.4468259811401367,-4.626596450805664,0.4399999976158142,0.0,0.0,-0.6083254814147949,0.7936877012252808,frame_1774541966.351274.pkl
681,00:09:07,547.4709236621857,1774541967.0566838,0.49228763580322266,-4.795576095581055,0.4399999976158142,0.0,0.0,-0.6083254814147949,0.7936877012252808,frame_1774541967.0566838.pkl
682,00:09:08,548.289458990097,1774541967.875219,0.5358009338378906,-4.957313060760498,0.4399999976158142,0.0,0.0,-0.6005578637123108,0.7995812892913818,frame_1774541967.875219.pkl
683,00:09:09,549.039999961853,1774541968.62576,0.5358009338378906,-4.957313060760498,0.4399999976158142,0.0,0.0,-0.5515298247337341,0.8341551423072815,frame_1774541968.62576.pkl
684,00:09:09,549.7767271995544,1774541969.3624873,0.5358009338378906,-4.957313060760498,0.4399999976158142,0.0,0.0,-0.5069952607154846,0.8619488477706909,frame_1774541969.3624873.pkl
685,00:09:10,550.509759426117,1774541970.0955195,0.5358009338378906,-4.957313060760498,0.4399999976158142,0.0,0.0,-0.46106427907943726,0.8873667120933533,frame_1774541970.0955195.pkl
686,00:09:11,551.2849991321564,1774541970.8707592,0.5358009338378906,-4.957313060760498,0.4399999976158142,0.0,0.0,-0.40702304244041443,0.9134179353713989,frame_1774541970.8707592.pkl
687,00:09:12,552.0002436637878,1774541971.5860038,0.5358009338378906,-4.957313060760498,0.4399999976158142,0.0,0.0,-0.3655202090740204,0.9308034181594849,frame_1774541971.5860038.pkl
688,00:09:12,552.7152523994446,1774541972.3010125,0.5358009338378906,-4.957313060760498,0.4399999976158142,0.0,0.0,-0.30904632806777954,0.9510470032691956,frame_1774541972.3010125.pkl
689,00:09:13,553.470222234726,1774541973.0559824,0.5358009338378906,-4.957313060760498,0.4399999976158142,0.0,0.0,-0.2587127685546875,0.9659543037414551,frame_1774541973.0559824.pkl
690,00:09:14,554.2433004379272,1774541973.8290606,0.6121616363525391,-4.994617938995361,0.4399999976158142,0.0,0.0,-0.22523972392082214,0.9743033647537231,frame_1774541973.8290606.pkl
691,00:09:15,555.0084974765778,1774541974.5942576,0.7693748474121094,-5.071422100067139,0.4399999976158142,0.0,0.0,-0.22523972392082214,0.9743033647537231,frame_1774541974.5942576.pkl
692,00:09:15,555.7527456283569,1774541975.3385057,0.9265880584716797,-5.148226261138916,0.4399999976158142,0.0,0.0,-0.22523972392082214,0.9743033647537231,frame_1774541975.3385057.pkl
693,00:09:16,556.4701488018036,1774541976.055909,1.1062602996826172,-5.236002445220947,0.4399999976158142,0.0,0.0,-0.22523972392082214,0.9743033647537231,frame_1774541976.055909.pkl
694,00:09:17,557.1933839321136,1774541976.779144,1.2634735107421875,-5.312806606292725,0.4399999976158142,0.0,0.0,-0.22523972392082214,0.9743033647537231,frame_1774541976.779144.pkl
695,00:09:17,557.9180142879486,1774541977.5037744,1.4206867218017578,-5.389610767364502,0.4399999976158142,0.0,0.0,-0.22523972392082214,0.9743033647537231,frame_1774541977.5037744.pkl
696,00:09:18,558.6291949748993,1774541978.214955,1.5778999328613281,-5.466414928436279,0.4399999976158142,0.0,0.0,-0.22523972392082214,0.9743033647537231,frame_1774541978.214955.pkl
697,00:09:19,559.4227027893066,1774541979.008463,1.7575721740722656,-5.5541911125183105,0.4399999976158142,0.0,0.0,-0.22523972392082214,0.9743033647537231,frame_1774541979.008463.pkl
698,00:09:20,560.1665301322937,1774541979.7522902,1.8878345489501953,-5.617828845977783,0.4399999976158142,0.0,0.0,-0.2091323882341385,0.9778873324394226,frame_1774541979.7522902.pkl
699,00:09:21,561.097222328186,1774541980.6829824,1.8878345489501953,-5.617828845977783,0.4399999976158142,0.0,0.0,-0.1426960825920105,0.9897665977478027,frame_1774541980.6829824.pkl
700,00:09:21,561.8950860500336,1774541981.4808462,1.8878345489501953,-5.617828845977783,0.4399999976158142,0.0,0.0,-0.08308501541614532,0.9965424537658691,frame_1774541981.4808462.pkl
701,00:09:23,563.3019025325775,1774541982.8876626,1.9228286743164062,-5.617041110992432,0.4399999976158142,0.0,0.0,0.011235597543418407,0.9999368786811829,frame_1774541982.8876626.pkl
702,00:09:24,564.0760164260864,1774541983.6617765,2.1227951049804688,-5.612539768218994,0.4399999976158142,0.0,0.0,0.011235597543418407,0.9999368786811829,frame_1774541983.6617765.pkl
703,00:09:24,564.8482728004456,1774541984.434033,2.3227615356445312,-5.608038425445557,0.4399999976158142,0.0,0.0,0.011235597543418407,0.9999368786811829,frame_1774541984.434033.pkl
704,00:09:25,565.6451349258423,1774541985.230895,2.487733840942383,-5.604324817657471,0.4399999976158142,0.0,0.0,0.0007148438016884029,0.9999997615814209,frame_1774541985.230895.pkl
705,00:09:26,566.4258801937103,1774541986.0116403,2.4951982498168945,-5.605065822601318,0.4399999976158142,0.0,0.0,-0.049449726939201355,0.9987766146659851,frame_1774541986.0116403.pkl
706,00:09:27,567.7926604747772,1774541987.3784206,2.8435096740722656,-5.639646053314209,0.4399999976158142,0.0,0.0,-0.049449726939201355,0.9987766146659851,frame_1774541987.3784206.pkl
707,00:09:28,568.6034486293793,1774541988.1892087,3.042522430419922,-5.6594061851501465,0.4399999976158142,0.0,0.0,-0.049449726939201355,0.9987766146659851,frame_1774541988.1892087.pkl
708,00:09:29,569.2921142578125,1774541988.8778744,3.216658592224121,-5.676696300506592,0.4399999976158142,0.0,0.0,-0.049449726939201355,0.9987766146659851,frame_1774541988.8778744.pkl
709,00:09:30,570.0462422370911,1774541989.6320024,3.4156713485717773,-5.696456432342529,0.4399999976158142,0.0,0.0,-0.049449726939201355,0.9987766146659851,frame_1774541989.6320024.pkl
710,00:09:30,570.9218957424164,1774541990.5076559,3.6146841049194336,-5.716216564178467,0.4399999976158142,0.0,0.0,-0.049449726939201355,0.9987766146659851,frame_1774541990.5076559.pkl
711,00:09:31,571.6232557296753,1774541991.2090158,3.763943672180176,-5.73103666305542,0.4399999976158142,0.0,0.0,-0.041956476867198944,0.9991194009780884,frame_1774541991.2090158.pkl
712,00:09:32,572.3820645809174,1774541991.9678247,3.763943672180176,-5.73103666305542,0.4399999976158142,0.0,0.0,0.01798148639500141,0.9998383522033691,frame_1774541991.9678247.pkl
713,00:09:33,573.1223001480103,1774541992.7080603,3.893673896789551,-5.722866535186768,0.4399999976158142,0.0,0.0,0.03146279230713844,0.9995049238204956,frame_1774541992.7080603.pkl
714,00:09:34,574.0343637466431,1774541993.6201239,4.118206977844238,-5.708725929260254,0.4399999976158142,0.0,0.0,0.03146279230713844,0.9995049238204956,frame_1774541993.6201239.pkl
715,00:09:34,574.8548510074615,1774541994.4406111,4.317791938781738,-5.6961565017700195,0.4399999976158142,0.0,0.0,0.03146279230713844,0.9995049238204956,frame_1774541994.4406111.pkl
716,00:09:35,575.5967857837677,1774541995.182546,4.492428779602051,-5.6851582527160645,0.4399999976158142,0.0,0.0,0.03146279230713844,0.9995049238204956,frame_1774541995.182546.pkl
717,00:09:36,576.3306586742401,1774541995.9164188,4.692013740539551,-5.67258882522583,0.4399999976158142,0.0,0.0,0.03146279230713844,0.9995049238204956,frame_1774541995.9164188.pkl
718,00:09:37,577.1103322505951,1774541996.6960924,4.866650581359863,-5.661590576171875,0.4399999976158142,0.0,0.0,0.03146279230713844,0.9995049238204956,frame_1774541996.6960924.pkl
719,00:09:37,577.8926377296448,1774541997.4783978,5.066235542297363,-5.649021148681641,0.4399999976158142,0.0,0.0,0.03146279230713844,0.9995049238204956,frame_1774541997.4783978.pkl
720,00:09:38,578.6924059391022,1774541998.278166,5.265820503234863,-5.636451721191406,0.4399999976158142,0.0,0.0,0.03146279230713844,0.9995049238204956,frame_1774541998.278166.pkl
721,00:09:39,579.4075615406036,1774541998.9933217,5.440457344055176,-5.625453472137451,0.4399999976158142,0.0,0.0,0.03146279230713844,0.9995049238204956,frame_1774541998.9933217.pkl
722,00:09:40,580.136381149292,1774541999.7221413,5.590146064758301,-5.616026401519775,0.4399999976158142,0.0,0.0,0.03146279230713844,0.9995049238204956,frame_1774541999.7221413.pkl
723,00:09:40,580.9385087490082,1774542000.5242689,5.789731025695801,-5.603456974029541,0.4399999976158142,0.0,0.0,0.03146279230713844,0.9995049238204956,frame_1774542000.5242689.pkl
724,00:09:41,581.7300810813904,1774542001.3158412,5.989315986633301,-5.590887546539307,0.4399999976158142,0.0,0.0,0.03146279230713844,0.9995049238204956,frame_1774542001.3158412.pkl
725,00:09:42,582.4568548202515,1774542002.042615,6.163952827453613,-5.579889297485352,0.4399999976158142,0.0,0.0,0.03146279230713844,0.9995049238204956,frame_1774542002.042615.pkl
726,00:09:43,583.2087457180023,1774542002.7945058,6.363537788391113,-5.567319869995117,0.4399999976158142,0.0,0.0,0.03146279230713844,0.9995049238204956,frame_1774542002.7945058.pkl
727,00:09:43,583.9502017498016,1774542003.5359619,6.563122749328613,-5.554750442504883,0.4399999976158142,0.0,0.0,0.03146279230713844,0.9995049238204956,frame_1774542003.5359619.pkl
728,00:09:44,584.676383972168,1774542004.262144,6.737763404846191,-5.543752193450928,0.4399999976158142,0.0,0.0,0.03146279230713844,0.9995049238204956,frame_1774542004.262144.pkl
729,00:09:45,585.4655213356018,1774542005.0512815,6.812614917755127,-5.53903865814209,0.4399999976158142,0.0,0.0,0.06891083717346191,0.9976228475570679,frame_1774542005.0512815.pkl
730,00:09:46,586.179878950119,1774542005.765639,6.812614917755127,-5.53903865814209,0.4399999976158142,0.0,0.0,0.12116342037916183,0.9926325678825378,frame_1774542005.765639.pkl
731,00:09:46,586.9389865398407,1774542006.5247467,6.812614917755127,-5.53903865814209,0.4399999976158142,0.0,0.0,0.1730833202600479,0.9849072098731995,frame_1774542006.5247467.pkl
732,00:09:47,587.842291355133,1774542007.4280515,6.812614917755127,-5.53903865814209,0.4399999976158142,0.0,0.0,0.23911772668361664,0.9709905982017517,frame_1774542007.4280515.pkl
733,00:09:48,588.5891361236572,1774542008.1748962,6.812614917755127,-5.53903865814209,0.4399999976158142,0.0,0.0,0.29691168665885925,0.9549049139022827,frame_1774542008.1748962.pkl
734,00:09:49,589.2936248779297,1774542008.879385,6.812614917755127,-5.53903865814209,0.4399999976158142,0.0,0.0,0.33956658840179443,0.9405820369720459,frame_1774542008.879385.pkl
735,00:09:49,589.9973437786102,1774542009.583104,6.812614917755127,-5.53903865814209,0.4399999976158142,0.0,0.0,0.39535605907440186,0.9185279011726379,frame_1774542009.583104.pkl
736,00:09:50,590.740719795227,1774542010.32648,6.812614917755127,-5.53903865814209,0.4399999976158142,0.0,0.0,0.44301193952560425,0.8965157270431519,frame_1774542010.32648.pkl
737,00:09:51,591.4798624515533,1774542011.0656226,6.812614917755127,-5.53903865814209,0.4399999976158142,0.0,0.0,0.48944640159606934,0.872033417224884,frame_1774542011.0656226.pkl
738,00:09:52,592.2954957485199,1774542011.8812559,6.915228366851807,-5.370295524597168,0.4399999976158142,0.0,0.0,0.49010035395622253,0.8716660141944885,frame_1774542011.8812559.pkl
739,00:09:53,593.0021812915802,1774542012.5879414,7.0061516761779785,-5.220775604248047,0.4399999976158142,0.0,0.0,0.49010035395622253,0.8716660141944885,frame_1774542012.5879414.pkl
740,00:09:53,593.7339103221893,1774542013.3196704,7.09707498550415,-5.071256637573242,0.4399999976158142,0.0,0.0,0.49010035395622253,0.8716660141944885,frame_1774542013.3196704.pkl
741,00:09:54,594.4085187911987,1774542013.994279,7.175009250640869,-4.943097114562988,0.4399999976158142,0.0,0.0,0.49010035395622253,0.8716660141944885,frame_1774542013.994279.pkl
742,00:09:55,595.1634476184845,1774542014.7492077,7.278921604156494,-4.772217750549316,0.4399999976158142,0.0,0.0,0.49010035395622253,0.8716660141944885,frame_1774542014.7492077.pkl
743,00:09:55,595.931654214859,1774542015.5174143,7.369844913482666,-4.622697830200195,0.4399999976158142,0.0,0.0,0.49010035395622253,0.8716660141944885,frame_1774542015.5174143.pkl
744,00:09:56,596.6887054443359,1774542016.2744656,7.482128143310547,-4.486167907714844,0.4399999976158142,0.0,0.0,0.49010035395622253,0.8716660141944885,frame_1774542016.2744656.pkl
745,00:09:57,597.524436712265,1774542017.1101968,7.653007507324219,-4.590080261230469,0.4399999976158142,0.0,0.0,0.49010035395622253,0.8716660141944885,frame_1774542017.1101968.pkl
746,00:09:58,598.2696273326874,1774542017.8553874,7.763616561889648,-4.446680068969727,0.4399999976158142,0.0,0.0,0.49010035395622253,0.8716660141944885,frame_1774542017.8553874.pkl
747,00:09:58,598.9936881065369,1774542018.5794482,7.85453987121582,-4.2971601486206055,0.4399999976158142,0.0,0.0,0.49010035395622253,0.8716660141944885,frame_1774542018.5794482.pkl
748,00:09:59,599.8646647930145,1774542019.450425,7.958452224731445,-4.126280784606934,0.4399999976158142,0.0,0.0,0.49010035395622253,0.8716660141944885,frame_1774542019.450425.pkl
749,00:10:00,600.6784834861755,1774542020.2642436,8.06236457824707,-3.9553966522216797,0.4399999976158142,0.0,0.0,0.49010035395622253,0.8716660141944885,frame_1774542020.2642436.pkl
750,00:10:01,601.4527862071991,1774542021.0385463,8.149391174316406,-3.8122692108154297,0.4399999976158142,0.0,0.0,0.49857527017593384,0.8668463826179504,frame_1774542021.0385463.pkl
751,00:10:02,602.1662149429321,1774542021.751975,8.149391174316406,-3.8122692108154297,0.4399999976158142,0.0,0.0,0.5370645523071289,0.843541145324707,frame_1774542021.751975.pkl
752,00:10:02,602.9042630195618,1774542022.4900231,8.149391174316406,-3.8122692108154297,0.4399999976158142,0.0,0.0,0.5866798162460327,0.8098190426826477,frame_1774542022.4900231.pkl
753,00:10:03,603.6653709411621,1774542023.251131,8.149391174316406,-3.8122692108154297,0.4399999976158142,0.0,0.0,0.6283672451972961,0.7779168486595154,frame_1774542023.251131.pkl
754,00:10:04,604.4289183616638,1774542024.0146785,8.171984672546387,-3.6817121505737305,0.4399999976158142,0.0,0.0,0.6439899206161499,0.7650339603424072,frame_1774542024.0146785.pkl
755,00:10:05,605.183825969696,1774542024.769586,8.201825141906738,-3.5092782974243164,0.4399999976158142,0.0,0.0,0.6439899206161499,0.7650339603424072,frame_1774542024.769586.pkl
756,00:10:05,605.9067690372467,1774542025.4925292,8.235928535461426,-3.312211036682129,0.4399999976158142,0.0,0.0,0.6439899206161499,0.7650339603424072,frame_1774542025.4925292.pkl
757,00:10:06,606.7164537906647,1774542026.302214,8.270031929016113,-3.1151437759399414,0.4399999976158142,0.0,0.0,0.6439899206161499,0.7650339603424072,frame_1774542026.302214.pkl
758,00:10:07,607.4536156654358,1774542027.0393758,8.299872398376465,-2.9427099227905273,0.4399999976158142,0.0,0.0,0.6439899206161499,0.7650339603424072,frame_1774542027.0393758.pkl
759,00:10:08,608.3289706707001,1774542027.9147308,8.333975791931152,-2.74564266204834,0.4399999976158142,0.0,0.0,0.6439899206161499,0.7650339603424072,frame_1774542027.9147308.pkl
760,00:10:09,609.0734858512878,1774542028.659246,8.363816261291504,-2.573208808898926,0.4399999976158142,0.0,0.0,0.6439899206161499,0.7650339603424072,frame_1774542028.659246.pkl
761,00:10:09,609.8651533126831,1774542029.4509134,8.397919654846191,-2.3761415481567383,0.4399999976158142,0.0,0.0,0.6439899206161499,0.7650339603424072,frame_1774542029.4509134.pkl
762,00:10:10,610.6246974468231,1774542030.2104576,8.427760124206543,-2.203707695007324,0.4399999976158142,0.0,0.0,0.6439899206161499,0.7650339603424072,frame_1774542030.2104576.pkl
763,00:10:11,611.4386909008026,1774542031.024451,8.431596755981445,-2.181537628173828,0.4399999976158142,0.0,0.0,0.6023579239845276,0.7982261180877686,frame_1774542031.024451.pkl
764,00:10:12,612.1412703990936,1774542031.7270305,8.431596755981445,-2.181537628173828,0.4399999976158142,0.0,0.0,0.5596390962600708,0.828736424446106,frame_1774542031.7270305.pkl
765,00:10:12,612.9341492652893,1774542032.5199094,8.431596755981445,-2.181537628173828,0.4399999976158142,0.0,0.0,0.5153777599334717,0.8569630980491638,frame_1774542032.5199094.pkl
766,00:10:13,613.6982645988464,1774542033.2840247,8.431596755981445,-2.181537628173828,0.4399999976158142,0.0,0.0,0.46306201815605164,0.8863258957862854,frame_1774542033.2840247.pkl
767,00:10:14,614.4688200950623,1774542034.0545802,8.522905349731445,-2.053203582763672,0.4399999976158142,0.0,0.0,0.45840248465538025,0.8887447118759155,frame_1774542034.0545802.pkl
768,00:10:15,615.2282059192657,1774542034.813966,8.531601905822754,-2.0409812927246094,0.4399999976158142,0.0,0.0,0.4083954989910126,0.9128050804138184,frame_1774542034.813966.pkl
769,00:10:15,615.9540486335754,1774542035.5398088,8.531601905822754,-2.0409812927246094,0.4399999976158142,0.0,0.0,0.3599308729171753,0.9329789876937866,frame_1774542035.5398088.pkl
770,00:10:16,616.6489443778992,1774542036.2347045,8.580632209777832,-2.0022263526916504,0.4399999976158142,0.0,0.0,0.3282430171966553,0.9445933103561401,frame_1774542036.2347045.pkl
771,00:10:17,617.3813729286194,1774542036.967133,8.717918395996094,-1.8937125205993652,0.4399999976158142,0.0,0.0,0.3282430171966553,0.9445933103561401,frame_1774542036.967133.pkl
772,00:10:18,618.0973174571991,1774542037.6830776,8.87481689453125,-1.7696967124938965,0.4399999976158142,0.0,0.0,0.3282430171966553,0.9445933103561401,frame_1774542037.6830776.pkl
773,00:10:18,618.7871255874634,1774542038.3728857,9.012103080749512,-1.6611828804016113,0.4399999976158142,0.0,0.0,0.3282430171966553,0.9445933103561401,frame_1774542038.3728857.pkl
774,00:10:19,619.5318269729614,1774542039.117587,9.149389266967773,-1.5526690483093262,0.4399999976158142,0.0,0.0,0.3282430171966553,0.9445933103561401,frame_1774542039.117587.pkl
775,00:10:20,620.3122460842133,1774542039.8980062,9.163118362426758,-1.5418176651000977,0.4399999976158142,0.0,0.0,0.379442036151886,0.925215482711792,frame_1774542039.8980062.pkl
776,00:10:21,621.0280377864838,1774542040.613798,9.163118362426758,-1.5418176651000977,0.4399999976158142,0.0,0.0,0.4274703860282898,0.904029369354248,frame_1774542040.613798.pkl
777,00:10:21,621.8577756881714,1774542041.4435358,9.163118362426758,-1.5418176651000977,0.4399999976158142,0.0,0.0,0.480909526348114,0.8767701983451843,frame_1774542041.4435358.pkl
778,00:10:22,622.6192338466644,1774542042.204994,9.163118362426758,-1.5418176651000977,0.4399999976158142,0.0,0.0,0.5326178073883057,0.8463558554649353,frame_1774542042.204994.pkl
779,00:10:23,623.3066709041595,1774542042.892431,9.163118362426758,-1.5418176651000977,0.4399999976158142,0.0,0.0,0.5701514482498169,0.8215396404266357,frame_1774542042.892431.pkl
780,00:10:24,624.1060855388641,1774542043.6918457,9.163118362426758,-1.5418176651000977,0.4399999976158142,0.0,0.0,0.6183878183364868,0.7858731150627136,frame_1774542043.6918457.pkl
781,00:10:24,624.820540189743,1774542044.4063003,9.210153579711914,-1.3474206924438477,0.4399999976158142,0.0,0.0,0.618387758731842,0.7858731150627136,frame_1774542044.4063003.pkl
782,00:10:25,625.5633749961853,1774542045.149135,9.251309394836426,-1.177323341369629,0.4399999976158142,0.0,0.0,0.618387758731842,0.7858731150627136,frame_1774542045.149135.pkl
783,00:10:26,626.2697868347168,1774542045.855547,9.292465209960938,-1.0072259902954102,0.4399999976158142,0.0,0.0,0.618387758731842,0.7858731150627136,frame_1774542045.855547.pkl
784,00:10:26,626.9879531860352,1774542046.5737133,9.33362102508545,-0.8371286392211914,0.4399999976158142,0.0,0.0,0.618387758731842,0.7858731150627136,frame_1774542046.5737133.pkl
785,00:10:27,627.728269815445,1774542047.31403,9.380656242370605,-0.6427316665649414,0.4399999976158142,0.0,0.0,0.618387758731842,0.7858731150627136,frame_1774542047.31403.pkl
786,00:10:28,628.452107667923,1774542048.0378678,9.421812057495117,-0.47263431549072266,0.4399999976158142,0.0,0.0,0.618387758731842,0.7858731150627136,frame_1774542048.0378678.pkl
787,00:10:29,629.2432975769043,1774542048.8290577,9.468847274780273,-0.27823734283447266,0.4399999976158142,0.0,0.0,0.618387758731842,0.7858731150627136,frame_1774542048.8290577.pkl
788,00:10:30,630.00337266922,1774542049.5891328,9.51588249206543,-0.08384037017822266,0.4399999976158142,0.0,0.0,0.618387758731842,0.7858731150627136,frame_1774542049.5891328.pkl
789,00:10:30,630.6866698265076,1774542050.27243,9.557038307189941,0.0862569808959961,0.4399999976158142,0.0,0.0,0.618387758731842,0.7858731150627136,frame_1774542050.27243.pkl
790,00:10:31,631.3928773403168,1774542050.9786375,9.598194122314453,0.25635433197021484,0.4399999976158142,0.0,0.0,0.618387758731842,0.7858731150627136,frame_1774542050.9786375.pkl
791,00:10:32,632.1014819145203,1774542051.687242,9.625826835632324,0.3705625534057617,0.4399999976158142,0.0,0.0,0.6376469731330872,0.77032870054245,frame_1774542051.687242.pkl
792,00:10:32,632.8651514053345,1774542052.4509115,9.625826835632324,0.3705625534057617,0.4399999976158142,0.0,0.0,0.6826915144920349,0.7307067513465881,frame_1774542052.4509115.pkl
793,00:10:33,633.5811133384705,1774542053.1668735,9.625826835632324,0.3705625534057617,0.4399999976158142,0.0,0.0,0.7200953364372253,0.6938751935958862,frame_1774542053.1668735.pkl
794,00:10:34,634.4246468544006,1774542054.010407,9.625826835632324,0.3705625534057617,0.4399999976158142,0.0,0.0,0.7652570009231567,0.6437249183654785,frame_1774542054.010407.pkl
795,00:10:35,635.2008035182953,1774542054.7865636,9.625826835632324,0.3705625534057617,0.4399999976158142,0.0,0.0,0.8024805188179016,0.5966783165931702,frame_1774542054.7865636.pkl
796,00:10:35,635.9698948860168,1774542055.555655,9.625826835632324,0.3705625534057617,0.4399999976158142,0.0,0.0,0.8368156552314758,0.5474848747253418,frame_1774542055.555655.pkl
797,00:10:36,636.7337803840637,1774542056.3195405,9.625826835632324,0.3705625534057617,0.4399999976158142,0.0,0.0,0.8681373596191406,0.4963241219520569,frame_1774542056.3195405.pkl
798,00:10:37,637.4757566452026,1774542057.0615168,9.625826835632324,0.3705625534057617,0.4399999976158142,0.0,0.0,0.8929843902587891,0.45008769631385803,frame_1774542057.0615168.pkl
799,00:10:38,638.2646534442902,1774542057.8504136,9.625826835632324,0.3705625534057617,0.4399999976158142,0.0,0.0,0.9183642268180847,0.3957362174987793,frame_1774542057.8504136.pkl
800,00:10:39,639.051515340805,1774542058.6372755,9.625826835632324,0.3705625534057617,0.4399999976158142,0.0,0.0,0.9404401183128357,0.3399594724178314,frame_1774542058.6372755.pkl
801,00:10:39,639.7633554935455,1774542059.3491156,9.625826835632324,0.3705625534057617,0.4399999976158142,0.0,0.0,0.9591320157051086,0.2829590439796448,frame_1774542059.3491156.pkl
802,00:10:40,640.4510581493378,1774542060.0368183,9.625826835632324,0.3705625534057617,0.4399999976158142,0.0,0.0,0.972658097743988,0.23224171996116638,frame_1774542060.0368183.pkl
803,00:10:41,641.1650664806366,1774542060.7508266,9.625826835632324,0.3705625534057617,0.4399999976158142,0.0,0.0,0.9835043549537659,0.1808844357728958,frame_1774542060.7508266.pkl
804,00:10:41,641.9217314720154,1774542061.5074916,9.625826835632324,0.3705625534057617,0.4399999976158142,0.0,0.0,0.9925805926322937,0.12158842384815216,frame_1774542061.5074916.pkl
805,00:10:42,642.7300958633423,1774542062.315856,9.625826835632324,0.3705625534057617,0.4399999976158142,0.0,0.0,0.9980851411819458,0.06185487285256386,frame_1774542062.315856.pkl
806,00:10:43,643.5546479225159,1774542063.140408,9.575854301452637,0.37226009368896484,0.4399999976158142,0.0,0.0,0.9998572468757629,0.01689683087170124,frame_1774542063.140408.pkl
807,00:10:44,644.3199217319489,1774542063.9056818,9.378462791442871,0.3789653778076172,0.4399999976158142,0.0,0.0,0.9998572468757629,0.01689683087170124,frame_1774542063.9056818.pkl
808,00:10:45,645.0192651748657,1774542064.6050253,9.20106029510498,0.3849916458129883,0.4399999976158142,0.0,0.0,0.9998572468757629,0.01689683087170124,frame_1774542064.6050253.pkl
809,00:10:45,645.7864909172058,1774542065.372251,9.12610149383545,0.38753795623779297,0.4399999976158142,0.0,0.0,0.9997878670692444,-0.020598217844963074,frame_1774542065.372251.pkl
810,00:10:46,646.5135114192963,1774542066.0992715,9.001564025878906,0.37676143646240234,0.4399999976158142,0.0,0.0,0.9990714192390442,-0.04308471828699112,frame_1774542066.0992715.pkl
811,00:10:47,647.2443070411682,1774542066.8300672,8.827210426330566,0.36167430877685547,0.4399999976158142,0.0,0.0,0.9990714192390442,-0.04308471828699112,frame_1774542066.8300672.pkl
812,00:10:47,647.9231190681458,1774542067.5088792,8.652857780456543,0.3465871810913086,0.4399999976158142,0.0,0.0,0.9990714192390442,-0.04308471828699112,frame_1774542067.5088792.pkl
813,00:10:48,648.6506762504578,1774542068.2364364,8.478504180908203,0.3315000534057617,0.4399999976158142,0.0,0.0,0.9990714192390442,-0.04308471828699112,frame_1774542068.2364364.pkl
814,00:10:49,649.386075258255,1774542068.9718354,8.279243469238281,0.3142576217651367,0.4399999976158142,0.0,0.0,0.9990714192390442,-0.04308471828699112,frame_1774542068.9718354.pkl
815,00:10:50,650.1765034198761,1774542069.7622635,8.07998275756836,0.2970151901245117,0.4399999976158142,0.0,0.0,0.9990714192390442,-0.04308471828699112,frame_1774542069.7622635.pkl
816,00:10:50,650.9432046413422,1774542070.5289648,7.8807220458984375,0.2797727584838867,0.4399999976158142,0.0,0.0,0.9990714192390442,-0.04308471828699112,frame_1774542070.5289648.pkl
817,00:10:51,651.6939308643341,1774542071.279691,7.7869977951049805,0.17378711700439453,0.4399999976158142,0.0,0.0,0.9990714192390442,-0.04308471828699112,frame_1774542071.279691.pkl
818,00:10:52,652.3977808952332,1774542071.983541,7.777740001678467,0.2809000015258789,0.4399999976158142,0.0,0.0,0.9990714192390442,-0.04308483749628067,frame_1774542071.983541.pkl
819,00:10:53,653.1550750732422,1774542072.7408352,7.76051664352417,0.4801797866821289,0.4399999976158142,0.0,0.0,0.9990714192390442,-0.04308483749628067,frame_1774542072.7408352.pkl
820,00:10:53,653.8377797603607,1774542073.4235399,7.63394832611084,0.5219297409057617,0.4399999976158142,0.0,0.0,0.9990714192390442,-0.04308483749628067,frame_1774542073.4235399.pkl
821,00:10:54,654.5732815265656,1774542074.1590416,7.459595203399658,0.5068426132202148,0.4399999976158142,0.0,0.0,0.9990714192390442,-0.04308483749628067,frame_1774542074.1590416.pkl
822,00:10:55,655.3440334796906,1774542074.9297936,7.260334491729736,0.48960018157958984,0.4399999976158142,0.0,0.0,0.9990714192390442,-0.04308483749628067,frame_1774542074.9297936.pkl
823,00:10:56,656.1183681488037,1774542075.7041283,7.0610737800598145,0.47235774993896484,0.4399999976158142,0.0,0.0,0.9990714192390442,-0.04308483749628067,frame_1774542075.7041283.pkl
824,00:10:56,656.810647726059,1774542076.3964078,6.861813068389893,0.45511531829833984,0.4399999976158142,0.0,0.0,0.9990714192390442,-0.04308483749628067,frame_1774542076.3964078.pkl
825,00:10:57,657.6161286830902,1774542077.2018888,6.662556171417236,0.43787288665771484,0.4399999976158142,0.0,0.0,0.9990714192390442,-0.04308483749628067,frame_1774542077.2018888.pkl
826,00:10:58,658.5637023448944,1774542078.1494625,6.413504123687744,0.4163198471069336,0.4399999976158142,0.0,0.0,0.9990714192390442,-0.04308483749628067,frame_1774542078.1494625.pkl
827,00:10:59,659.3110644817352,1774542078.8968246,6.21426248550415,0.3990774154663086,0.4399999976158142,0.0,0.0,0.9990714192390442,-0.04308483749628067,frame_1774542078.8968246.pkl
828,00:11:00,660.0494208335876,1774542079.635181,6.039926052093506,0.3839902877807617,0.4399999976158142,0.0,0.0,0.9990714192390442,-0.04308483749628067,frame_1774542079.635181.pkl
829,00:11:00,660.7354006767273,1774542080.3211608,5.840684413909912,0.3667478561401367,0.4399999976158142,0.0,0.0,0.9990714192390442,-0.04308483749628067,frame_1774542080.3211608.pkl
830,00:11:01,661.5286524295807,1774542081.1144125,5.641442775726318,0.3495054244995117,0.4399999976158142,0.0,0.0,0.9990714192390442,-0.04308483749628067,frame_1774542081.1144125.pkl
831,00:11:02,662.2962703704834,1774542081.8820305,5.442201137542725,0.3322629928588867,0.4399999976158142,0.0,0.0,0.9990714192390442,-0.04308483749628067,frame_1774542081.8820305.pkl
832,00:11:03,663.0657024383545,1774542082.6514626,5.242959499359131,0.3150205612182617,0.4399999976158142,0.0,0.0,0.9990714192390442,-0.04308483749628067,frame_1774542082.6514626.pkl
833,00:11:03,663.8408532142639,1774542083.4266133,5.043717861175537,0.2977781295776367,0.4399999976158142,0.0,0.0,0.9990714192390442,-0.04308483749628067,frame_1774542083.4266133.pkl
834,00:11:04,664.5657091140747,1774542084.1514692,4.869381427764893,0.28269100189208984,0.4399999976158142,0.0,0.0,0.9990714192390442,-0.04308483749628067,frame_1774542084.1514692.pkl
835,00:11:05,665.2755980491638,1774542084.8613582,4.695044994354248,0.26760387420654297,0.4399999976158142,0.0,0.0,0.9990714192390442,-0.04308483749628067,frame_1774542084.8613582.pkl
836,00:11:05,665.9826633930206,1774542085.5684235,4.495803356170654,0.25036144256591797,0.4399999976158142,0.0,0.0,0.9990714192390442,-0.04308483749628067,frame_1774542085.5684235.pkl
837,00:11:06,666.7487797737122,1774542086.33454,4.2965617179870605,0.23311901092529297,0.4399999976158142,0.0,0.0,0.9990714192390442,-0.04308483749628067,frame_1774542086.33454.pkl
838,00:11:07,667.5400247573853,1774542087.1257849,4.122225284576416,0.2180318832397461,0.4399999976158142,0.0,0.0,0.9990714192390442,-0.04308483749628067,frame_1774542087.1257849.pkl
839,00:11:08,668.2690298557281,1774542087.85479,3.9229836463928223,0.2007894515991211,0.4399999976158142,0.0,0.0,0.9990714192390442,-0.04308483749628067,frame_1774542087.85479.pkl
840,00:11:09,669.044665813446,1774542088.630426,3.7237420082092285,0.1835470199584961,0.4399999976158142,0.0,0.0,0.9990714192390442,-0.04308483749628067,frame_1774542088.630426.pkl
841,00:11:09,669.8401830196381,1774542089.4259431,3.549405574798584,0.16845989227294922,0.4399999976158142,0.0,0.0,0.9990714192390442,-0.04308483749628067,frame_1774542089.4259431.pkl
842,00:11:10,670.6433775424957,1774542090.2291377,3.3501639366149902,0.15121746063232422,0.4399999976158142,0.0,0.0,0.9990714192390442,-0.04308483749628067,frame_1774542090.2291377.pkl
